{"type":"FeatureCollection","features":[{"type":"Feature","geometry":{"type":"Polygon","coordinates":[[[-74.559146,40.884934],[-74.559726,40.884911],[-74.560038,40.884911],[-74.560506,40.884907],[-74.561051,40.884914],[-74.561515,40.884888],[-74.561852,40.884858],[-74.56255,40.884748],[-74.562515,40.884621],[-74.561683,40.884753],[-74.561292,40.884795],[-74.560678,40.884804],[-74.559892,40.884796],[-74.559135,40.884837],[-74.559146,40.884934]]]},"properties":{"OBJECTID":1,"NAME":"Morris Canal","TYPE":"Canal","PURPOSE":"Navigation","STATUS":"Inactive","CONDITION":"Dry","PUBLICLY_A":" ","ADDRESS":" ","MUN":"DOVER TOWN","COUNTY":"MORRIS","COMMENTS":" ","GLOBALID":"{61CFA535-6F49-45C0-B49A-91A7A8ABFFB1}","SHAPE_Length":1970.5099482451533,"SHAPE_Area":38965.87147189242}},{"type":"Feature","geometry":{"type":"Polygon","coordinates":[[[-74.558468,40.884888],[-74.558332,40.884946],[-74.558238,40.884996],[-74.558171,40.885094],[-74.55811,40.885192],[-74.55826,40.885244],[-74.558363,40.885087],[-74.558509,40.884997],[-74.558672,40.884986],[-74.558665,40.884873],[-74.558468,40.884888]]]},"properties":{"OBJECTID":2,"NAME":"Morris Canal","TYPE":"Canal","PURPOSE":"Navigation","STATUS":"Inactive","CONDITION":"Dry","PUBLICLY_A":" ","ADDRESS":" ","MUN":"DOVER TOWN","COUNTY":"MORRIS","COMMENTS":" ","GLOBALID":"{FD14836C-FFB9-4965-A375-84749BCE4186}","SHAPE_Length":457.4084475723795,"SHAPE_Area":8146.665843512177}},{"type":"Feature","geometry":{"type":"Polygon","coordinates":[[[-74.56951,40.88663],[-74.569734,40.887109],[-74.569878,40.887557],[-74.569985,40.887978],[-74.570144,40.887976],[-74.570035,40.887518],[-74.569922,40.887109],[-74.569667,40.886595],[-74.56951,40.88663]]]},"properties":{"OBJECTID":3,"NAME":"Morris Canal","TYPE":"Canal","PURPOSE":"Navigation","STATUS":"Inactive","CONDITION":"Dry","PUBLICLY_A":" ","ADDRESS":" ","MUN":"DOVER TOWN","COUNTY":"MORRIS","COMMENTS":" ","GLOBALID":"{CAC93F36-9ADC-4A28-9DB5-3C0917168154}","SHAPE_Length":1120.5518518653923,"SHAPE_Area":23979.209724059678}},{"type":"Feature","geometry":{"type":"Polygon","coordinates":[[[-75.103024,40.705129],[-75.102774,40.705454],[-75.102367,40.705972],[-75.101784,40.70696],[-75.101387,40.707501],[-75.101021,40.708042],[-75.100368,40.708645],[-75.099702,40.709179],[-75.099575,40.709281],[-75.09946,40.709361],[-75.09922,40.709448],[-75.099305,40.70956],[-75.099486,40.70949],[-75.099729,40.70936],[-75.099907,40.709214],[-75.100618,40.708632],[-75.101193,40.708117],[-75.101601,40.707503],[-75.101941,40.707025],[-75.102168,40.706639],[-75.102488,40.706133],[-75.102974,40.705483],[-75.103316,40.705148],[-75.103607,40.705005],[-75.103966,40.704963],[-75.104311,40.704981],[-75.104671,40.70507],[-75.10515,40.705221],[-75.106126,40.705788],[-75.107048,40.706513],[-75.10732,40.706663],[-75.107653,40.706787],[-75.108091,40.706854],[-75.108543,40.706817],[-75.109633,40.706523],[-75.110121,40.706384],[-75.110482,40.706194],[-75.110917,40.705858],[-75.111718,40.705236],[-75.111567,40.705102],[-75.110635,40.705835],[-75.110352,40.706045],[-75.110224,40.706139],[-75.10997,40.70627],[-75.109037,40.706527],[-75.108382,40.706697],[-75.108014,40.706693],[-75.107535,40.70657],[-75.106953,40.706252],[-75.106187,40.705621],[-75.105268,40.705105],[-75.104736,40.704908],[-75.10427,40.704799],[-75.103818,40.704812],[-75.103288,40.704936],[-75.103024,40.705129]]]},"properties":{"OBJECTID":4,"NAME":"Morris Canal","TYPE":"Canal","PURPOSE":"Navigation","STATUS":"Inactive","CONDITION":"Dry","PUBLICLY_A":" ","ADDRESS":" ","MUN":"FRANKLIN TWP","COUNTY":"WARREN","COMMENTS":" ","GLOBALID":"{5E47B533-BA32-4C11-9896-EE9074A55A45}","SHAPE_Length":9615.94870463904,"SHAPE_Area":262349.9457536503}},{"type":"Feature","geometry":{"type":"Polygon","coordinates":[[[-75.091185,40.712076],[-75.090862,40.712207],[-75.090952,40.712336],[-75.091121,40.712257],[-75.091718,40.712121],[-75.091758,40.712116],[-75.09182,40.711997],[-75.091661,40.71199],[-75.091185,40.712076]]]},"properties":{"OBJECTID":5,"NAME":"Morris Canal","TYPE":"Canal","PURPOSE":"Navigation","STATUS":"Inactive","CONDITION":"Dry","PUBLICLY_A":" ","ADDRESS":" ","MUN":"FRANKLIN TWP","COUNTY":"WARREN","COMMENTS":" ","GLOBALID":"{2AEEC4E0-4E92-4108-B33D-EAA707ADF3F4}","SHAPE_Length":620.3310788225607,"SHAPE_Area":13656.707624997505}},{"type":"Feature","geometry":{"type":"Polygon","coordinates":[[[-75.11589,40.700831],[-75.114939,40.701835],[-75.115129,40.701931],[-75.116031,40.700914],[-75.116048,40.700897],[-75.115906,40.700815],[-75.11589,40.700831]]]},"properties":{"OBJECTID":6,"NAME":"Morris Canal","TYPE":"Canal","PURPOSE":"Navigation","STATUS":"Inactive","CONDITION":"Dry","PUBLICLY_A":" ","ADDRESS":" ","MUN":"GREENWICH TWP","COUNTY":"WARREN","COMMENTS":" ","GLOBALID":"{C88933FE-4B81-496B-9F3B-B2E8745A6464}","SHAPE_Length":1025.4542174811645,"SHAPE_Area":25629.84821319879}},{"type":"Feature","geometry":{"type":"Polygon","coordinates":[[[-74.838934,40.856918],[-74.838912,40.857233],[-74.838956,40.857478],[-74.839242,40.858299],[-74.839355,40.858847],[-74.839262,40.859109],[-74.839044,40.859396],[-74.838496,40.859731],[-74.837698,40.860008],[-74.836712,40.860642],[-74.836119,40.861287],[-74.835353,40.861813],[-74.834671,40.862264],[-74.834071,40.86277],[-74.833259,40.863499],[-74.832478,40.864407],[-74.832619,40.864497],[-74.833556,40.863427],[-74.834431,40.862638],[-74.835141,40.862144],[-74.835798,40.861713],[-74.836361,40.861306],[-74.836829,40.860781],[-74.837736,40.860159],[-74.83877,40.859751],[-74.839295,40.859371],[-74.839528,40.85899],[-74.839542,40.858695],[-74.839462,40.858323],[-74.839296,40.857842],[-74.839133,40.857354],[-74.83911,40.856944],[-74.83895,40.856877],[-74.838934,40.856918]]]},"properties":{"OBJECTID":7,"NAME":"Morris Canal","TYPE":"Canal","PURPOSE":"Navigation","STATUS":"Inactive","CONDITION":"Dry","PUBLICLY_A":" ","ADDRESS":" ","MUN":"INDEPENDENCE TWP","COUNTY":"WARREN","COMMENTS":" ","GLOBALID":"{661D9A96-80BF-4F7F-9960-179E1D35BE9B}","SHAPE_Length":7230.904032810492,"SHAPE_Area":186365.2758218746}},{"type":"Feature","geometry":{"type":"Polygon","coordinates":[[[-74.824203,40.866734],[-74.825709,40.868021],[-74.825713,40.868024],[-74.825836,40.868095],[-74.825916,40.867963],[-74.825803,40.867888],[-74.825794,40.867881],[-74.825621,40.867727],[-74.824307,40.866624],[-74.824203,40.866734]]]},"properties":{"OBJECTID":8,"NAME":"Morris Canal","TYPE":"Canal","PURPOSE":"Navigation","STATUS":"Inactive","CONDITION":"Dry","PUBLICLY_A":" ","ADDRESS":" ","MUN":"INDEPENDENCE TWP","COUNTY":"WARREN","COMMENTS":" ","GLOBALID":"{487B3DDA-9F5E-4097-A69A-02B87D9B36EF}","SHAPE_Length":1434.5848985207376,"SHAPE_Area":34004.13871468093}},{"type":"Feature","geometry":{"type":"Polygon","coordinates":[[[-74.293879,40.917541],[-74.294068,40.917585],[-74.294353,40.917689],[-74.29733,40.919094],[-74.297431,40.919133],[-74.310425,40.925039],[-74.310516,40.924912],[-74.303247,40.921647],[-74.297471,40.918981],[-74.297469,40.918969],[-74.295281,40.917942],[-74.294779,40.917703],[-74.294511,40.917581],[-74.294313,40.917495],[-74.294083,40.917433],[-74.293882,40.917397],[-74.293879,40.917541]]]},"properties":{"OBJECTID":9,"NAME":"Morris Canal","TYPE":"Canal","PURPOSE":"Navigation","STATUS":"Inactive","CONDITION":"Dry","PUBLICLY_A":" ","ADDRESS":" ","MUN":"LINCOLN PARK BORO","COUNTY":"MORRIS","COMMENTS":" ","GLOBALID":"{AAE6C4E7-8451-43B9-85DA-41901CFE6249}","SHAPE_Length":10789.460473394991,"SHAPE_Area":261261.59960532308}},{"type":"Feature","geometry":{"type":"Polygon","coordinates":[[[-74.290251,40.916813],[-74.290609,40.916904],[-74.291895,40.917303],[-74.292349,40.917415],[-74.292698,40.91747],[-74.293009,40.91751],[-74.293014,40.917337],[-74.292802,40.917324],[-74.29217,40.917231],[-74.290667,40.916743],[-74.290319,40.916661],[-74.289865,40.916629],[-74.289449,40.916649],[-74.288255,40.916706],[-74.287902,40.916745],[-74.287982,40.916905],[-74.288405,40.916881],[-74.289307,40.916816],[-74.289874,40.916773],[-74.290251,40.916813]]]},"properties":{"OBJECTID":10,"NAME":"Morris Canal","TYPE":"Canal","PURPOSE":"Navigation","STATUS":"Inactive","CONDITION":"Dry","PUBLICLY_A":" ","ADDRESS":" ","MUN":"LINCOLN PARK BORO","COUNTY":"MORRIS","COMMENTS":" ","GLOBALID":"{8355E275-504D-41D0-B7E6-706F562D5995}","SHAPE_Length":3020.6492859845425,"SHAPE_Area":84065.10151821622}},{"type":"Feature","geometry":{"type":"Polygon","coordinates":[[[-74.284187,40.916818],[-74.285788,40.916988],[-74.287076,40.916954],[-74.287982,40.916905],[-74.287902,40.916745],[-74.287171,40.916824],[-74.285632,40.916821],[-74.28426,40.916659],[-74.280489,40.91583],[-74.279512,40.915687],[-74.279029,40.915607],[-74.277852,40.915581],[-74.277097,40.915579],[-74.27574,40.915593],[-74.274762,40.915576],[-74.274054,40.915494],[-74.273465,40.915355],[-74.273022,40.915206],[-74.272151,40.914733],[-74.272088,40.914773],[-74.272018,40.914816],[-74.272312,40.915002],[-74.272727,40.915217],[-74.273197,40.915416],[-74.273693,40.915545],[-74.274126,40.91563],[-74.275042,40.915702],[-74.277384,40.915699],[-74.278977,40.915694],[-74.279512,40.915791],[-74.280458,40.915963],[-74.282403,40.916406],[-74.284187,40.916818]]]},"properties":{"OBJECTID":11,"NAME":"Morris Canal","TYPE":"Canal","PURPOSE":"Navigation","STATUS":"Inactive","CONDITION":"Dry","PUBLICLY_A":" ","ADDRESS":" ","MUN":"LINCOLN PARK BORO","COUNTY":"MORRIS","COMMENTS":" ","GLOBALID":"{3A855F69-05C4-4E05-9DB1-EDACFE57775A}","SHAPE_Length":9152.384202702771,"SHAPE_Area":218518.47993533147}},{"type":"Feature","geometry":{"type":"Polygon","coordinates":[[[-75.145805,40.689243],[-75.1454,40.689429],[-75.14486,40.689673],[-75.144386,40.689941],[-75.14415,40.690115],[-75.144039,40.690243],[-75.143929,40.690371],[-75.143763,40.690585],[-75.143506,40.690998],[-75.143106,40.692007],[-75.14285,40.692448],[-75.142334,40.693103],[-75.141726,40.693801],[-75.141117,40.694386],[-75.140731,40.694548],[-75.140571,40.694623],[-75.140452,40.69465],[-75.140435,40.694825],[-75.140544,40.694809],[-75.140711,40.694799],[-75.140953,40.694741],[-75.141231,40.694641],[-75.14171,40.694099],[-75.142946,40.692759],[-75.143422,40.691863],[-75.143731,40.691067],[-75.144024,40.690598],[-75.144153,40.690427],[-75.144356,40.69027],[-75.144522,40.690099],[-75.144954,40.689806],[-75.145669,40.689456],[-75.146384,40.689206],[-75.147043,40.689103],[-75.147946,40.689087],[-75.149035,40.689151],[-75.149718,40.689265],[-75.150704,40.689429],[-75.151565,40.689658],[-75.15254,40.689907],[-75.153402,40.690045],[-75.153679,40.690082],[-75.154004,40.690109],[-75.154718,40.690042],[-75.155905,40.68984],[-75.158447,40.689363],[-75.15867,40.689294],[-75.158899,40.689227],[-75.159128,40.689103],[-75.159393,40.688845],[-75.159808,40.688242],[-75.160422,40.687082],[-75.160852,40.686175],[-75.160701,40.68611],[-75.1602,40.6871],[-75.159617,40.688225],[-75.159158,40.688877],[-75.158926,40.689036],[-75.158747,40.689101],[-75.158462,40.689183],[-75.157236,40.68944],[-75.155907,40.689693],[-75.154758,40.689906],[-75.154202,40.689959],[-75.153814,40.689961],[-75.152752,40.68979],[-75.151845,40.689598],[-75.150743,40.689299],[-75.149759,40.689128],[-75.149072,40.689033],[-75.148246,40.688983],[-75.14752,40.688963],[-75.146796,40.688996],[-75.146391,40.689056],[-75.145805,40.689243]]]},"properties":{"OBJECTID":12,"NAME":"Morris Canal","TYPE":"Canal","PURPOSE":"Navigation","STATUS":"Inactive","CONDITION":"Dry","PUBLICLY_A":" ","ADDRESS":" ","MUN":"LOPATCONG TWP","COUNTY":"WARREN","COMMENTS":" ","GLOBALID":"{CA8D982A-9393-49B6-84B3-FED29A587302}","SHAPE_Length":15163.385283379866,"SHAPE_Area":422813.04095549166}},{"type":"Feature","geometry":{"type":"Polygon","coordinates":[[[-74.892737,40.811195],[-74.892919,40.811346],[-74.892944,40.811319],[-74.89376,40.810234],[-74.893587,40.810103],[-74.892737,40.811195]]]},"properties":{"OBJECTID":13,"NAME":"Morris Canal","TYPE":"Canal","PURPOSE":"Navigation","STATUS":"Inactive","CONDITION":"Dry","PUBLICLY_A":" ","ADDRESS":" ","MUN":"MANSFIELD TWP","COUNTY":"WARREN","COMMENTS":" ","GLOBALID":"{98690527-8934-4D06-B7C6-E8C8954F4F78}","SHAPE_Length":1071.5866795373736,"SHAPE_Area":32008.652935415965}},{"type":"Feature","geometry":{"type":"Polygon","coordinates":[[[-74.88916,40.813036],[-74.888394,40.813479],[-74.888149,40.813648],[-74.887925,40.813802],[-74.887766,40.814057],[-74.886457,40.816329],[-74.886137,40.816974],[-74.885846,40.817409],[-74.885509,40.817858],[-74.884941,40.818364],[-74.884416,40.818695],[-74.883621,40.818968],[-74.882819,40.819177],[-74.882534,40.819346],[-74.882695,40.819487],[-74.882705,40.819479],[-74.883032,40.81932],[-74.883885,40.819078],[-74.884636,40.81879],[-74.885417,40.818263],[-74.885861,40.817749],[-74.886351,40.817092],[-74.887034,40.815827],[-74.887917,40.814253],[-74.888271,40.813849],[-74.888724,40.813538],[-74.890039,40.812859],[-74.889855,40.812691],[-74.88916,40.813036]]]},"properties":{"OBJECTID":14,"NAME":"Morris Canal","TYPE":"Canal","PURPOSE":"Navigation","STATUS":"Inactive","CONDITION":"Dry","PUBLICLY_A":" ","ADDRESS":" ","MUN":"MANSFIELD TWP","COUNTY":"WARREN","COMMENTS":" ","GLOBALID":"{E5B663C2-A32B-4915-A0E8-8CB04F02DFCD}","SHAPE_Length":6741.528494936369,"SHAPE_Area":234432.37713191114}},{"type":"Feature","geometry":{"type":"MultiPolygon","coordinates":[[[[-74.877471,40.822669],[-74.877032,40.822826],[-74.876583,40.823105],[-74.876326,40.823285],[-74.875779,40.823649],[-74.875605,40.823839],[-74.875471,40.823996],[-74.875334,40.824222],[-74.875204,40.824384],[-74.874911,40.8247],[-74.874319,40.825273],[-74.87415,40.825427],[-74.874246,40.825492],[-74.874244,40.82549],[-74.874241,40.82548],[-74.874247,40.825467],[-74.874251,40.825458],[-74.874276,40.825426],[-74.87429,40.825407],[-74.87431,40.825384],[-74.874335,40.825355],[-74.874345,40.825344],[-74.87438,40.825312],[-74.87441,40.825281],[-74.874467,40.825231],[-74.874511,40.825196],[-74.87458,40.825133],[-74.874614,40.825102],[-74.87466,40.825059],[-74.874863,40.82488],[-74.874907,40.82482],[-74.874926,40.824803],[-74.874936,40.824783],[-74.874932,40.824769],[-74.87494,40.824767],[-74.875006,40.824732],[-74.875018,40.824724],[-74.875142,40.824616],[-74.87525,40.824513],[-74.875376,40.824389],[-74.875473,40.824296],[-74.875494,40.824268],[-74.87557,40.824122],[-74.875675,40.824004],[-74.875813,40.823849],[-74.875985,40.823726],[-74.876455,40.82339],[-74.877129,40.822997],[-74.877547,40.822849],[-74.877825,40.822764],[-74.877682,40.822609],[-74.877471,40.822669]]],[[[-74.874264,40.825504],[-74.874272,40.825497],[-74.874261,40.825497],[-74.874251,40.825496],[-74.874264,40.825504]]]]},"properties":{"OBJECTID":15,"NAME":"Morris Canal","TYPE":"Canal","PURPOSE":"Navigation","STATUS":"Inactive","CONDITION":"Dry","PUBLICLY_A":" ","ADDRESS":" ","MUN":"MANSFIELD TWP","COUNTY":"WARREN","COMMENTS":" ","GLOBALID":"{0C99B1AA-C9D4-468C-9463-43684BFB423D}","SHAPE_Length":3003.1236902787177,"SHAPE_Area":68157.7019235714}},{"type":"Feature","geometry":{"type":"Polygon","coordinates":[[[-74.385674,40.910307],[-74.385117,40.910612],[-74.384695,40.91099],[-74.384176,40.911499],[-74.384108,40.911578],[-74.384298,40.911679],[-74.384483,40.91147],[-74.385001,40.910976],[-74.385405,40.910627],[-74.385865,40.910438],[-74.386211,40.910308],[-74.386633,40.910265],[-74.38744,40.910317],[-74.388618,40.910378],[-74.389513,40.910236],[-74.392026,40.909762],[-74.392859,40.909619],[-74.39344,40.909436],[-74.394791,40.908654],[-74.394792,40.908656],[-74.396028,40.90807],[-74.396835,40.907715],[-74.397543,40.907433],[-74.402083,40.905779],[-74.402995,40.905457],[-74.403565,40.905192],[-74.40405,40.904914],[-74.404586,40.904473],[-74.404892,40.904119],[-74.405069,40.903875],[-74.405246,40.903558],[-74.405408,40.903266],[-74.405617,40.902997],[-74.405762,40.902875],[-74.405996,40.902748],[-74.406203,40.90269],[-74.406238,40.902686],[-74.406207,40.902523],[-74.40616,40.902532],[-74.405919,40.9026],[-74.40565,40.902741],[-74.40544,40.902924],[-74.405263,40.903204],[-74.40515,40.903424],[-74.405005,40.903656],[-74.404844,40.9039],[-74.404651,40.904143],[-74.404296,40.904546],[-74.403717,40.904948],[-74.403231,40.905167],[-74.402713,40.905395],[-74.402252,40.905557],[-74.40026,40.906252],[-74.397102,40.907407],[-74.394667,40.908489],[-74.394673,40.908497],[-74.393409,40.909263],[-74.392875,40.909435],[-74.390173,40.909933],[-74.388696,40.910194],[-74.387849,40.910169],[-74.386545,40.910078],[-74.386115,40.910133],[-74.385674,40.910307]]]},"properties":{"OBJECTID":16,"NAME":"Morris Canal","TYPE":"Canal","PURPOSE":"Navigation","STATUS":"Inactive","CONDITION":"Dry","PUBLICLY_A":" ","ADDRESS":" ","MUN":"MONTVILLE TWP","COUNTY":"MORRIS","COMMENTS":" ","GLOBALID":"{746E2A3B-88CD-4B1D-9CDC-ED1DB0B242BC}","SHAPE_Length":14587.371806935575,"SHAPE_Area":431374.0826419405}},{"type":"Feature","geometry":{"type":"Polygon","coordinates":[[[-74.719256,40.90965],[-74.720366,40.909718],[-74.722251,40.909834],[-74.724158,40.909933],[-74.724151,40.909738],[-74.721905,40.909644],[-74.71928,40.909461],[-74.719256,40.90965]]]},"properties":{"OBJECTID":17,"NAME":"Morris Canal","TYPE":"Canal","PURPOSE":"Navigation","STATUS":"Inactive","CONDITION":"Dry","PUBLICLY_A":" ","ADDRESS":" ","MUN":"MOUNT OLIVE TWP","COUNTY":"MORRIS","COMMENTS":" ","GLOBALID":"{42472369-E710-4F14-84EB-69A686E4E026}","SHAPE_Length":2849.1902578920694,"SHAPE_Area":89139.68323936495}},{"type":"Feature","geometry":{"type":"Polygon","coordinates":[[[-74.177907,40.739582],[-74.180546,40.740359],[-74.181203,40.740635],[-74.181479,40.740888],[-74.181594,40.741055],[-74.181629,40.74118],[-74.181607,40.741305],[-74.18148,40.7416],[-74.18121,40.742286],[-74.181141,40.742449],[-74.18129,40.742489],[-74.181347,40.742337],[-74.181637,40.741635],[-74.181766,40.741273],[-74.181776,40.741123],[-74.181764,40.741043],[-74.18172,40.740955],[-74.1816,40.740781],[-74.181294,40.740492],[-74.180854,40.740296],[-74.178952,40.739723],[-74.177991,40.739426],[-74.177907,40.739582]]]},"properties":{"OBJECTID":18,"NAME":"Morris Canal","TYPE":"Canal","PURPOSE":"Navigation","STATUS":"Inactive","CONDITION":"Dry","PUBLICLY_A":" ","ADDRESS":" ","MUN":"NEWARK CITY","COUNTY":"ESSEX","COMMENTS":" ","GLOBALID":"{40EDE429-B103-4A6D-8C4D-D805D8D4F942}","SHAPE_Length":3597.7274141645275,"SHAPE_Area":90280.8422257122}},{"type":"Feature","geometry":{"type":"Polygon","coordinates":[[[-74.180761,40.743298],[-74.180626,40.743753],[-74.180597,40.743898],[-74.18062,40.744018],[-74.180695,40.744149],[-74.180771,40.744246],[-74.180866,40.744324],[-74.181115,40.74448],[-74.181427,40.744623],[-74.181835,40.744787],[-74.182444,40.745046],[-74.182857,40.745214],[-74.184389,40.74591],[-74.185058,40.7463],[-74.185517,40.746625],[-74.185698,40.746774],[-74.1859,40.746978],[-74.186216,40.747386],[-74.186355,40.74763],[-74.186454,40.747935],[-74.186492,40.748378],[-74.186457,40.748616],[-74.186403,40.748794],[-74.186279,40.749057],[-74.185983,40.749553],[-74.18546,40.750068],[-74.185741,40.750176],[-74.186315,40.749513],[-74.186543,40.749069],[-74.18663,40.74882],[-74.186693,40.748378],[-74.186674,40.748073],[-74.186576,40.747692],[-74.186516,40.747508],[-74.186337,40.747264],[-74.186094,40.746914],[-74.185839,40.746653],[-74.18568,40.746513],[-74.184979,40.746055],[-74.184559,40.745826],[-74.184022,40.745546],[-74.183304,40.745224],[-74.182348,40.744808],[-74.181559,40.744502],[-74.181187,40.744308],[-74.180986,40.744196],[-74.180886,40.744077],[-74.180816,40.74396],[-74.180802,40.743862],[-74.180813,40.743786],[-74.180937,40.743364],[-74.181178,40.742737],[-74.181032,40.742693],[-74.180761,40.743298]]]},"properties":{"OBJECTID":19,"NAME":"Morris Canal","TYPE":"Canal","PURPOSE":"Navigation","STATUS":"Inactive","CONDITION":"Dry","PUBLICLY_A":" ","ADDRESS":" ","MUN":"NEWARK CITY","COUNTY":"ESSEX","COMMENTS":" ","GLOBALID":"{7CDF817D-E86B-4EF8-988E-71C75DCE31D8}","SHAPE_Length":7294.770284834498,"SHAPE_Area":211926.28333237735}},{"type":"Feature","geometry":{"type":"Polygon","coordinates":[[[-74.165109,40.73587],[-74.169579,40.73716],[-74.175478,40.738841],[-74.175543,40.738717],[-74.165176,40.735765],[-74.165109,40.73587]]]},"properties":{"OBJECTID":20,"NAME":"Morris Canal","TYPE":"Canal","PURPOSE":"Navigation","STATUS":"Inactive","CONDITION":"Dry","PUBLICLY_A":" ","ADDRESS":" ","MUN":"NEWARK CITY","COUNTY":"ESSEX","COMMENTS":" ","GLOBALID":"{B406E4E2-B524-43EF-B11A-714B9F2272AC}","SHAPE_Length":6229.104787155931,"SHAPE_Area":144451.32549879572}},{"type":"Feature","geometry":{"type":"Polygon","coordinates":[[[-74.159,40.732863],[-74.160783,40.733214],[-74.161439,40.733573],[-74.162668,40.734757],[-74.163045,40.735115],[-74.16316,40.735189],[-74.163345,40.735097],[-74.163124,40.734912],[-74.162852,40.734662],[-74.162233,40.734041],[-74.161579,40.733443],[-74.160891,40.733084],[-74.160283,40.73295],[-74.158875,40.732708],[-74.158374,40.732682],[-74.157857,40.732681],[-74.155104,40.732714],[-74.148996,40.732791],[-74.148374,40.732891],[-74.145915,40.733656],[-74.144521,40.73413],[-74.1438,40.734282],[-74.140403,40.734488],[-74.138175,40.734587],[-74.135634,40.734685],[-74.13045,40.734873],[-74.128871,40.73485],[-74.128891,40.735025],[-74.130782,40.73503],[-74.13133,40.735017],[-74.137176,40.734734],[-74.137176,40.734756],[-74.143485,40.734484],[-74.144222,40.734379],[-74.145635,40.733929],[-74.148554,40.733016],[-74.149127,40.732956],[-74.15156,40.732912],[-74.157863,40.732836],[-74.159,40.732863]]]},"properties":{"OBJECTID":21,"NAME":"Morris Canal","TYPE":"Canal","PURPOSE":"Navigation","STATUS":"Inactive","CONDITION":"Dry","PUBLICLY_A":" ","ADDRESS":" ","MUN":"NEWARK CITY","COUNTY":"ESSEX","COMMENTS":" ","GLOBALID":"{FBB81FCB-1D7E-4DFF-897A-1BF1D87F05F8}","SHAPE_Length":20088.770973993876,"SHAPE_Area":560775.002243621}},{"type":"Feature","geometry":{"type":"Polygon","coordinates":[[[-74.09692,40.72617],[-74.099736,40.727264],[-74.104396,40.728863],[-74.107958,40.729961],[-74.107977,40.729966],[-74.108583,40.730129],[-74.114559,40.731855],[-74.116619,40.732237],[-74.11795,40.732454],[-74.118798,40.732679],[-74.118858,40.732495],[-74.118146,40.732305],[-74.116792,40.732091],[-74.114555,40.731717],[-74.110355,40.730499],[-74.108079,40.72982],[-74.10808,40.72982],[-74.104392,40.728668],[-74.099865,40.727155],[-74.097021,40.72603],[-74.09692,40.72617]]]},"properties":{"OBJECTID":22,"NAME":"Morris Canal","TYPE":"Canal","PURPOSE":"Navigation","STATUS":"Inactive","CONDITION":"Dry","PUBLICLY_A":" ","ADDRESS":" ","MUN":"NEWARK CITY","COUNTY":"ESSEX","COMMENTS":" ","GLOBALID":"{AD3BD132-EBEC-4C75-8559-6442AE001E99}","SHAPE_Length":13168.272071433707,"SHAPE_Area":365990.92132901534}},{"type":"Feature","geometry":{"type":"Polygon","coordinates":[[[-74.126769,40.735074],[-74.128503,40.735043],[-74.128496,40.73487],[-74.128157,40.734884],[-74.126786,40.734953],[-74.125388,40.734707],[-74.119195,40.732587],[-74.119121,40.73278],[-74.125254,40.734801],[-74.126769,40.735074]]]},"properties":{"OBJECTID":23,"NAME":"Morris Canal","TYPE":"Canal","PURPOSE":"Navigation","STATUS":"Inactive","CONDITION":"Dry","PUBLICLY_A":" ","ADDRESS":" ","MUN":"NEWARK CITY","COUNTY":"ESSEX","COMMENTS":" ","GLOBALID":"{44681F01-0F08-4ECA-8D86-30CC44C0AD4B}","SHAPE_Length":5654.912397094591,"SHAPE_Area":154241.6088446278}},{"type":"Feature","geometry":{"type":"Polygon","coordinates":[[[-74.163337,40.735311],[-74.163354,40.735319],[-74.163834,40.735509],[-74.164792,40.735784],[-74.16485,40.735666],[-74.164042,40.73543],[-74.163536,40.735212],[-74.163337,40.735311]]]},"properties":{"OBJECTID":24,"NAME":"Morris Canal","TYPE":"Canal","PURPOSE":"Navigation","STATUS":"Inactive","CONDITION":"Dry","PUBLICLY_A":" ","ADDRESS":" ","MUN":"NEWARK CITY","COUNTY":"ESSEX","COMMENTS":" ","GLOBALID":"{F93C3717-37D7-46A7-AA1C-E30B3B094B35}","SHAPE_Length":952.0289215169204,"SHAPE_Area":20982.019387120647}},{"type":"Feature","geometry":{"type":"Polygon","coordinates":[[[-75.198728,40.685448],[-75.198964,40.685824],[-75.199063,40.685981],[-75.199243,40.686178],[-75.199457,40.686487],[-75.199859,40.686887],[-75.200001,40.686772],[-75.19943,40.686085],[-75.19902,40.685362],[-75.198728,40.685448]]]},"properties":{"OBJECTID":25,"NAME":"Morris Canal","TYPE":"Canal","PURPOSE":"Navigation","STATUS":"Inactive","CONDITION":"Dry","PUBLICLY_A":" ","ADDRESS":" ","MUN":"PHILLIPSBURG TOWN","COUNTY":"WARREN","COMMENTS":" ","GLOBALID":"{5646B7C0-5190-493A-851A-8BC8597F38B0}","SHAPE_Length":1340.9236509161856,"SHAPE_Area":43043.90061979598}},{"type":"Feature","geometry":{"type":"Polygon","coordinates":[[[-75.181449,40.681782],[-75.181632,40.681799],[-75.181822,40.68181],[-75.186054,40.681651],[-75.187497,40.681549],[-75.189125,40.681375],[-75.189642,40.68134],[-75.19049,40.681357],[-75.1915,40.681412],[-75.192042,40.681457],[-75.192656,40.681609],[-75.192703,40.681417],[-75.191849,40.68124],[-75.190598,40.681179],[-75.189492,40.681163],[-75.188879,40.681227],[-75.186667,40.68146],[-75.185198,40.681511],[-75.183256,40.681597],[-75.181894,40.681653],[-75.181455,40.681633],[-75.181133,40.68158],[-75.180414,40.681383],[-75.179671,40.681135],[-75.17946,40.680988],[-75.179175,40.680394],[-75.179087,40.680277],[-75.178915,40.680089],[-75.178816,40.680004],[-75.17862,40.679888],[-75.178404,40.679798],[-75.178149,40.679707],[-75.177886,40.679658],[-75.177517,40.679641],[-75.177172,40.679663],[-75.176823,40.679712],[-75.176494,40.67977],[-75.176327,40.679802],[-75.176118,40.679779],[-75.175856,40.679636],[-75.175393,40.679353],[-75.174686,40.678901],[-75.173802,40.67826],[-75.173431,40.677905],[-75.173265,40.677699],[-75.172959,40.67713],[-75.17265,40.676792],[-75.172426,40.676675],[-75.172017,40.676591],[-75.171473,40.676563],[-75.170932,40.676563],[-75.170526,40.676634],[-75.170301,40.676693],[-75.17007,40.676793],[-75.169933,40.676882],[-75.169818,40.677019],[-75.169584,40.677387],[-75.169549,40.677435],[-75.16966,40.67749],[-75.169775,40.677339],[-75.169957,40.677099],[-75.170108,40.676919],[-75.170408,40.676805],[-75.170785,40.676703],[-75.171058,40.676682],[-75.171423,40.67669],[-75.171815,40.676707],[-75.172219,40.676775],[-75.172419,40.676839],[-75.172538,40.676925],[-75.172715,40.677115],[-75.172884,40.677366],[-75.173145,40.677858],[-75.173338,40.678072],[-75.174411,40.6789],[-75.175628,40.679662],[-75.176021,40.679868],[-75.176197,40.679918],[-75.176315,40.679921],[-75.176458,40.679896],[-75.176718,40.679854],[-75.177141,40.679787],[-75.177525,40.679755],[-75.177818,40.679754],[-75.177981,40.679782],[-75.178105,40.679812],[-75.178197,40.679851],[-75.178504,40.679983],[-75.178727,40.680145],[-75.178839,40.680249],[-75.178912,40.680346],[-75.179044,40.68052],[-75.179188,40.68085],[-75.179285,40.681067],[-75.179467,40.681221],[-75.179874,40.681398],[-75.180622,40.681616],[-75.181449,40.681782]]]},"properties":{"OBJECTID":26,"NAME":"Morris Canal","TYPE":"Canal","PURPOSE":"Navigation","STATUS":"Inactive","CONDITION":"Dry","PUBLICLY_A":" ","ADDRESS":" ","MUN":"PHILLIPSBURG TOWN","COUNTY":"WARREN","COMMENTS":" ","GLOBALID":"{8174BA3D-389B-40DF-80BC-F868404F8CB9}","SHAPE_Length":14938.625716395118,"SHAPE_Area":404894.7329477765}},{"type":"Feature","geometry":{"type":"Polygon","coordinates":[[[-75.165343,40.677468],[-75.165002,40.677515],[-75.164282,40.677732],[-75.163581,40.677987],[-75.163226,40.678158],[-75.162975,40.678307],[-75.162651,40.678592],[-75.162475,40.678853],[-75.162462,40.67888],[-75.162584,40.678921],[-75.162594,40.678897],[-75.162682,40.678738],[-75.162844,40.678568],[-75.163065,40.678397],[-75.163286,40.67826],[-75.163448,40.678146],[-75.163685,40.678054],[-75.163952,40.677939],[-75.164203,40.677847],[-75.164417,40.677762],[-75.164734,40.677673],[-75.164929,40.677617],[-75.165359,40.677535],[-75.165381,40.677532],[-75.165371,40.677463],[-75.165343,40.677468]]]},"properties":{"OBJECTID":27,"NAME":"Morris Canal","TYPE":"Canal","PURPOSE":"Navigation","STATUS":"Inactive","CONDITION":"Dry","PUBLICLY_A":" ","ADDRESS":" ","MUN":"POHATCONG TWP","COUNTY":"WARREN","COMMENTS":" ","GLOBALID":"{0E4C560A-F789-453F-B6F0-F2188AB71433}","SHAPE_Length":2016.2940449403225,"SHAPE_Area":31027.46147053549}},{"type":"Feature","geometry":{"type":"Polygon","coordinates":[[[-75.167845,40.678374],[-75.168023,40.678427],[-75.168237,40.678433],[-75.168486,40.678404],[-75.168671,40.678334],[-75.168884,40.678203],[-75.169255,40.677941],[-75.16928,40.67792],[-75.169165,40.677863],[-75.169143,40.677883],[-75.168946,40.678015],[-75.168799,40.678111],[-75.168596,40.678237],[-75.168464,40.678304],[-75.168213,40.678327],[-75.168087,40.678332],[-75.167942,40.678292],[-75.167762,40.678144],[-75.167592,40.677994],[-75.167511,40.67776],[-75.167474,40.677601],[-75.167386,40.677472],[-75.167106,40.67733],[-75.166898,40.677285],[-75.166648,40.677246],[-75.166445,40.677252],[-75.166215,40.677305],[-75.165915,40.677403],[-75.165926,40.67748],[-75.166012,40.677452],[-75.166441,40.677326],[-75.166589,40.677323],[-75.166738,40.677338],[-75.166926,40.677389],[-75.167109,40.677438],[-75.167273,40.677556],[-75.16734,40.677673],[-75.167367,40.677837],[-75.167467,40.678057],[-75.16765,40.678245],[-75.167845,40.678374]]]},"properties":{"OBJECTID":28,"NAME":"Morris Canal","TYPE":"Canal","PURPOSE":"Navigation","STATUS":"Inactive","CONDITION":"Dry","PUBLICLY_A":" ","ADDRESS":" ","MUN":"POHATCONG TWP","COUNTY":"WARREN","COMMENTS":" ","GLOBALID":"{775EDE16-F650-4CE1-B68A-D777E006BC33}","SHAPE_Length":2472.9212246397374,"SHAPE_Area":44801.85095069579}},{"type":"Feature","geometry":{"type":"Polygon","coordinates":[[[-75.162177,40.679406],[-75.162111,40.679533],[-75.162037,40.679671],[-75.161994,40.679772],[-75.161851,40.680327],[-75.161781,40.680802],[-75.161785,40.681028],[-75.1618,40.681198],[-75.161876,40.681302],[-75.162318,40.681565],[-75.162553,40.68182],[-75.162646,40.682075],[-75.162608,40.682379],[-75.162459,40.682726],[-75.162326,40.682987],[-75.162527,40.682991],[-75.162597,40.68282],[-75.162779,40.68238],[-75.162814,40.682252],[-75.162808,40.682033],[-75.162759,40.681818],[-75.162607,40.681637],[-75.161978,40.681193],[-75.161948,40.681096],[-75.161926,40.680989],[-75.162027,40.680156],[-75.162156,40.679733],[-75.162249,40.679561],[-75.162352,40.679417],[-75.162408,40.679329],[-75.162267,40.67929],[-75.162177,40.679406]]]},"properties":{"OBJECTID":29,"NAME":"Morris Canal","TYPE":"Canal","PURPOSE":"Navigation","STATUS":"Inactive","CONDITION":"Dry","PUBLICLY_A":" ","ADDRESS":" ","MUN":"POHATCONG TWP","COUNTY":"WARREN","COMMENTS":" ","GLOBALID":"{2FA3A3F2-D24F-4C4C-8212-EAF801A50021}","SHAPE_Length":3026.782810792321,"SHAPE_Area":64728.34343424417}},{"type":"Feature","geometry":{"type":"Polygon","coordinates":[[[-74.513602,40.901538],[-74.512833,40.901979],[-74.513008,40.902118],[-74.513675,40.901675],[-74.513986,40.90152],[-74.514357,40.901493],[-74.515931,40.901594],[-74.516188,40.90152],[-74.516308,40.901448],[-74.516499,40.901266],[-74.516818,40.90041],[-74.516974,40.900022],[-74.517494,40.899284],[-74.518467,40.898433],[-74.5205,40.896863],[-74.520671,40.896615],[-74.520816,40.89613],[-74.520927,40.895232],[-74.52072,40.894387],[-74.520834,40.893856],[-74.521296,40.892691],[-74.521426,40.892059],[-74.521684,40.891216],[-74.522276,40.890528],[-74.522923,40.889897],[-74.523663,40.889433],[-74.526674,40.888034],[-74.526845,40.887945],[-74.526945,40.887818],[-74.527029,40.88765],[-74.527232,40.887018],[-74.527719,40.886398],[-74.529156,40.885262],[-74.529445,40.885044],[-74.529575,40.884867],[-74.52976,40.884598],[-74.52987,40.884356],[-74.529914,40.883934],[-74.529942,40.883664],[-74.530227,40.882988],[-74.530657,40.882273],[-74.530799,40.882026],[-74.531061,40.881714],[-74.531321,40.881459],[-74.531425,40.881377],[-74.531548,40.881296],[-74.531781,40.881172],[-74.532014,40.881072],[-74.53229,40.881021],[-74.532545,40.881006],[-74.532964,40.881106],[-74.533099,40.881169],[-74.533226,40.88129],[-74.533414,40.881562],[-74.533791,40.883083],[-74.534242,40.884671],[-74.53432,40.884915],[-74.53444,40.885214],[-74.534508,40.885344],[-74.534642,40.885446],[-74.536844,40.886688],[-74.537801,40.887247],[-74.538189,40.887464],[-74.538603,40.887569],[-74.539039,40.88762],[-74.539418,40.887586],[-74.539942,40.887501],[-74.540266,40.887437],[-74.540627,40.887366],[-74.540904,40.887295],[-74.541384,40.887194],[-74.542013,40.887169],[-74.542519,40.887238],[-74.54313,40.887381],[-74.54348,40.887502],[-74.544148,40.887796],[-74.54506,40.888194],[-74.546463,40.888537],[-74.546786,40.888572],[-74.547263,40.888589],[-74.548219,40.888534],[-74.550144,40.888321],[-74.550144,40.888321],[-74.552306,40.888056],[-74.552672,40.887985],[-74.553713,40.887746],[-74.554669,40.887516],[-74.555384,40.887343],[-74.555817,40.887226],[-74.556159,40.887133],[-74.556365,40.88706],[-74.556845,40.886849],[-74.557112,40.886732],[-74.557234,40.886678],[-74.557324,40.886605],[-74.557491,40.886395],[-74.558036,40.885663],[-74.557881,40.88561],[-74.557356,40.886272],[-74.55715,40.886483],[-74.556995,40.886576],[-74.556828,40.886659],[-74.556435,40.886811],[-74.556126,40.886952],[-74.555392,40.887158],[-74.554669,40.88736],[-74.552754,40.887839],[-74.552335,40.887932],[-74.551334,40.888049],[-74.550083,40.88821],[-74.548147,40.888435],[-74.54725,40.888481],[-74.546508,40.88844],[-74.545857,40.888271],[-74.545182,40.888105],[-74.54475,40.887946],[-74.544171,40.887685],[-74.543396,40.887354],[-74.542934,40.887228],[-74.542311,40.88711],[-74.541938,40.887068],[-74.541663,40.887067],[-74.541249,40.887114],[-74.540221,40.88734],[-74.539613,40.887471],[-74.539347,40.887493],[-74.538984,40.887522],[-74.538647,40.887478],[-74.53824,40.887372],[-74.538085,40.887297],[-74.537833,40.887152],[-74.536249,40.88621],[-74.535793,40.885953],[-74.535057,40.885556],[-74.534686,40.885302],[-74.53453,40.885014],[-74.534463,40.884836],[-74.534149,40.883731],[-74.533653,40.881863],[-74.533533,40.88149],[-74.533408,40.881288],[-74.53321,40.881111],[-74.53297,40.881],[-74.532579,40.880916],[-74.532179,40.880929],[-74.531938,40.880982],[-74.531698,40.881085],[-74.531485,40.881222],[-74.531286,40.881362],[-74.530956,40.881656],[-74.530762,40.881903],[-74.530116,40.882946],[-74.529858,40.883465],[-74.529769,40.883876],[-74.529676,40.884325],[-74.529427,40.884735],[-74.529289,40.884893],[-74.52915,40.88504],[-74.52799,40.885985],[-74.527288,40.886639],[-74.527101,40.886878],[-74.52701,40.887046],[-74.526856,40.88759],[-74.526767,40.887767],[-74.5267,40.887844],[-74.526577,40.887928],[-74.52641,40.888014],[-74.523358,40.889431],[-74.523019,40.889647],[-74.522679,40.889881],[-74.522109,40.890416],[-74.521493,40.891115],[-74.5213,40.891695],[-74.521056,40.892705],[-74.520538,40.894249],[-74.520705,40.895316],[-74.520636,40.89609],[-74.520446,40.896594],[-74.520279,40.896821],[-74.518171,40.898503],[-74.517501,40.899104],[-74.517324,40.899278],[-74.517148,40.89949],[-74.516929,40.899777],[-74.516742,40.900117],[-74.516344,40.90117],[-74.516152,40.901384],[-74.515925,40.901466],[-74.515745,40.901466],[-74.5148,40.901403],[-74.514094,40.901373],[-74.513879,40.901412],[-74.513602,40.901538]]]},"properties":{"OBJECTID":30,"NAME":"Morris Canal","TYPE":"Canal","PURPOSE":"Navigation","STATUS":"Inactive","CONDITION":"Dry","PUBLICLY_A":" ","ADDRESS":" ","MUN":"ROCKAWAY BORO","COUNTY":"MORRIS","COMMENTS":" ","GLOBALID":"{198DCE1D-7DC3-44FC-8E83-6DD324D42578}","SHAPE_Length":38386.643173496865,"SHAPE_Area":892474.3523995064}},{"type":"Feature","geometry":{"type":"Polygon","coordinates":[[[-74.506816,40.903927],[-74.507757,40.904101],[-74.507964,40.904104],[-74.508313,40.904088],[-74.508633,40.904013],[-74.509426,40.903781],[-74.509314,40.903565],[-74.508708,40.903744],[-74.508279,40.903859],[-74.507748,40.903892],[-74.506836,40.903735],[-74.506276,40.903626],[-74.505315,40.903517],[-74.50458,40.903432],[-74.504177,40.903415],[-74.503844,40.903424],[-74.503276,40.903423],[-74.502923,40.903432],[-74.502129,40.903308],[-74.501354,40.903078],[-74.500175,40.902682],[-74.499186,40.902432],[-74.498185,40.902215],[-74.496728,40.902031],[-74.4961,40.901935],[-74.49453,40.901554],[-74.491955,40.900648],[-74.490337,40.900272],[-74.490146,40.900243],[-74.489899,40.900211],[-74.489103,40.900219],[-74.488414,40.900275],[-74.488075,40.900299],[-74.487587,40.900356],[-74.486161,40.900493],[-74.485255,40.900536],[-74.484061,40.900584],[-74.482658,40.900563],[-74.482069,40.900562],[-74.481874,40.900576],[-74.481587,40.900594],[-74.481382,40.900631],[-74.481221,40.900659],[-74.480952,40.90075],[-74.48045,40.900941],[-74.47955,40.901266],[-74.47844,40.901619],[-74.477661,40.901906],[-74.476566,40.90229],[-74.476487,40.902306],[-74.476591,40.902452],[-74.476647,40.902442],[-74.477184,40.902247],[-74.477937,40.901977],[-74.479958,40.90129],[-74.481022,40.900891],[-74.481414,40.90078],[-74.481619,40.90073],[-74.481791,40.900718],[-74.48278,40.900705],[-74.484203,40.900727],[-74.486208,40.900606],[-74.487555,40.900484],[-74.488321,40.900394],[-74.489175,40.900349],[-74.489729,40.90034],[-74.489929,40.900349],[-74.490088,40.900373],[-74.490244,40.900401],[-74.491127,40.900597],[-74.491755,40.900751],[-74.492834,40.901101],[-74.493749,40.901419],[-74.494404,40.901649],[-74.495535,40.901959],[-74.496351,40.902102],[-74.497396,40.902243],[-74.498085,40.902375],[-74.498797,40.902494],[-74.500057,40.902823],[-74.501809,40.903411],[-74.502348,40.903526],[-74.502941,40.903585],[-74.503788,40.90358],[-74.504178,40.903571],[-74.504496,40.903581],[-74.505469,40.9037],[-74.506171,40.90381],[-74.506816,40.903927]]]},"properties":{"OBJECTID":31,"NAME":"Morris Canal","TYPE":"Canal","PURPOSE":"Navigation","STATUS":"Inactive","CONDITION":"Dry","PUBLICLY_A":" ","ADDRESS":" ","MUN":"ROCKAWAY BORO","COUNTY":"MORRIS","COMMENTS":" ","GLOBALID":"{2FA9BDC0-464D-462F-AE55-9CC503C4CE4F}","SHAPE_Length":19065.591196779722,"SHAPE_Area":522270.98977345123}},{"type":"Feature","geometry":{"type":"Polygon","coordinates":[[[-74.511435,40.902788],[-74.511282,40.902849],[-74.511428,40.903081],[-74.511856,40.903043],[-74.511911,40.902996],[-74.511588,40.902733],[-74.511435,40.902788]]]},"properties":{"OBJECTID":32,"NAME":"Morris Canal","TYPE":"Canal","PURPOSE":"Navigation","STATUS":"Inactive","CONDITION":"Dry","PUBLICLY_A":" ","ADDRESS":" ","MUN":"ROCKAWAY BORO","COUNTY":"MORRIS","COMMENTS":" ","GLOBALID":"{123D19D4-87FF-44BD-A6E0-3D8DF48DB04C}","SHAPE_Length":460.86154815200547,"SHAPE_Area":13134.23062803641}},{"type":"Feature","geometry":{"type":"Polygon","coordinates":[[[-74.603016,40.901239],[-74.603322,40.901276],[-74.603524,40.901301],[-74.603847,40.901259],[-74.604166,40.901185],[-74.604667,40.901043],[-74.605191,40.900785],[-74.605623,40.900527],[-74.606286,40.900117],[-74.606948,40.899613],[-74.607679,40.898957],[-74.608117,40.898385],[-74.608915,40.89731],[-74.609117,40.896921],[-74.609358,40.896424],[-74.609612,40.895905],[-74.609879,40.895567],[-74.610224,40.895272],[-74.611042,40.894811],[-74.612184,40.894382],[-74.613486,40.894071],[-74.613948,40.893952],[-74.614553,40.893544],[-74.614948,40.893155],[-74.615644,40.89279],[-74.616178,40.892623],[-74.617386,40.892288],[-74.617712,40.892065],[-74.618094,40.891753],[-74.618813,40.890954],[-74.620183,40.889332],[-74.621026,40.888558],[-74.621509,40.888123],[-74.622104,40.887628],[-74.622449,40.887134],[-74.62305,40.886146],[-74.624476,40.884449],[-74.625677,40.88327],[-74.626304,40.882753],[-74.626693,40.882504],[-74.628081,40.881652],[-74.629335,40.880724],[-74.630189,40.880134],[-74.631703,40.878921],[-74.632487,40.878404],[-74.633288,40.877913],[-74.633689,40.877701],[-74.633846,40.877608],[-74.634107,40.877555],[-74.634839,40.877501],[-74.636095,40.877447],[-74.639182,40.877514],[-74.639199,40.877405],[-74.63743,40.877354],[-74.635952,40.877336],[-74.634844,40.877387],[-74.634025,40.877466],[-74.633856,40.877497],[-74.633711,40.877547],[-74.633213,40.877794],[-74.631893,40.87864],[-74.629576,40.880419],[-74.628069,40.881501],[-74.626253,40.882639],[-74.625657,40.88314],[-74.624736,40.884035],[-74.624083,40.884703],[-74.623118,40.885854],[-74.622493,40.88667],[-74.622241,40.887102],[-74.621882,40.887586],[-74.621037,40.888353],[-74.620141,40.889193],[-74.618168,40.891392],[-74.617562,40.892004],[-74.617355,40.892148],[-74.617111,40.892267],[-74.616484,40.89244],[-74.61607,40.892527],[-74.615674,40.892653],[-74.615459,40.892729],[-74.615107,40.892907],[-74.614802,40.893106],[-74.614496,40.893394],[-74.61427,40.893594],[-74.613926,40.89382],[-74.613438,40.893981],[-74.612616,40.894175],[-74.612125,40.894298],[-74.610952,40.894711],[-74.61018,40.895164],[-74.609833,40.895415],[-74.609526,40.895798],[-74.609225,40.896411],[-74.608837,40.897116],[-74.608596,40.897483],[-74.608188,40.898039],[-74.607841,40.898489],[-74.607502,40.89891],[-74.606977,40.899402],[-74.606435,40.899829],[-74.605755,40.900285],[-74.604964,40.900745],[-74.604616,40.900911],[-74.604322,40.901009],[-74.604048,40.901101],[-74.603771,40.901154],[-74.603466,40.90116],[-74.603078,40.901108],[-74.603016,40.901239]]]},"properties":{"OBJECTID":33,"NAME":"Morris Canal","TYPE":"Canal","PURPOSE":"Navigation","STATUS":"Inactive","CONDITION":"Dry","PUBLICLY_A":" ","ADDRESS":" ","MUN":"ROXBURY TWP","COUNTY":"MORRIS","COMMENTS":" ","GLOBALID":"{4B4E0F3A-BE22-446D-ABF9-23CAA63C4B82}","SHAPE_Length":28055.23689205486,"SHAPE_Area":604040.6372308058}},{"type":"Feature","geometry":{"type":"Polygon","coordinates":[[[-74.669873,40.910403],[-74.670056,40.910461],[-74.670188,40.910477],[-74.670324,40.910469],[-74.670445,40.91044],[-74.67058,40.910395],[-74.670809,40.910264],[-74.672222,40.909422],[-74.672841,40.909022],[-74.673103,40.908922],[-74.673683,40.908844],[-74.675771,40.908624],[-74.676719,40.908378],[-74.677411,40.90818],[-74.677867,40.908028],[-74.678369,40.90781],[-74.681556,40.905934],[-74.68319,40.904801],[-74.68465,40.903782],[-74.684978,40.903645],[-74.685159,40.903615],[-74.685337,40.903602],[-74.685623,40.903616],[-74.685769,40.903629],[-74.685796,40.90348],[-74.685572,40.90346],[-74.685338,40.903442],[-74.685201,40.903441],[-74.685072,40.903453],[-74.6849,40.903482],[-74.684752,40.903545],[-74.684574,40.903635],[-74.683714,40.904233],[-74.681023,40.906081],[-74.67813,40.907738],[-74.677556,40.907993],[-74.676472,40.908292],[-74.675751,40.90848],[-74.67466,40.908609],[-74.673663,40.9087],[-74.673037,40.908801],[-74.672727,40.90888],[-74.672506,40.909033],[-74.672127,40.909292],[-74.671407,40.909726],[-74.670725,40.910141],[-74.670558,40.910241],[-74.670444,40.910291],[-74.670335,40.910316],[-74.670206,40.91033],[-74.670081,40.910326],[-74.669879,40.910294],[-74.669336,40.910093],[-74.668974,40.909996],[-74.668858,40.909969],[-74.668783,40.909932],[-74.668721,40.909876],[-74.668628,40.909759],[-74.668519,40.909584],[-74.668177,40.908996],[-74.667366,40.907504],[-74.667005,40.907131],[-74.66663,40.906885],[-74.666186,40.906667],[-74.665791,40.905874],[-74.66548,40.905116],[-74.665039,40.903698],[-74.664655,40.902993],[-74.664406,40.902565],[-74.664107,40.902279],[-74.663857,40.90204],[-74.66362,40.901861],[-74.663328,40.90163],[-74.662859,40.901275],[-74.662616,40.900925],[-74.662495,40.900677],[-74.662477,40.900233],[-74.6625,40.899945],[-74.662513,40.899743],[-74.66231,40.899711],[-74.662264,40.90036],[-74.662289,40.900756],[-74.662399,40.901026],[-74.662671,40.901323],[-74.663048,40.901656],[-74.663165,40.901746],[-74.663258,40.901827],[-74.663336,40.90189],[-74.663418,40.901945],[-74.663477,40.901982],[-74.66353,40.902023],[-74.663652,40.902118],[-74.663736,40.902188],[-74.663857,40.902299],[-74.663984,40.902439],[-74.664159,40.902605],[-74.66426,40.90269],[-74.664523,40.903133],[-74.664863,40.903742],[-74.66557,40.905958],[-74.665924,40.906612],[-74.666055,40.906795],[-74.666326,40.906889],[-74.666534,40.907015],[-74.66674,40.90715],[-74.666973,40.907348],[-74.667241,40.907675],[-74.667563,40.908261],[-74.667916,40.908948],[-74.668212,40.909475],[-74.668416,40.909788],[-74.668548,40.909948],[-74.668574,40.909981],[-74.668607,40.910016],[-74.668615,40.910023],[-74.668632,40.910029],[-74.668677,40.910045],[-74.668953,40.910101],[-74.669124,40.910149],[-74.669454,40.910254],[-74.669873,40.910403]]]},"properties":{"OBJECTID":34,"NAME":"Morris Canal","TYPE":"Canal","PURPOSE":"Navigation","STATUS":"Inactive","CONDITION":"Dry","PUBLICLY_A":" ","ADDRESS":" ","MUN":"ROXBURY TWP","COUNTY":"MORRIS","COMMENTS":" ","GLOBALID":"{43ADFFF3-7A24-4845-AA66-25828DDBC9DF}","SHAPE_Length":19733.68368718104,"SHAPE_Area":535500.4504743784}},{"type":"Feature","geometry":{"type":"Polygon","coordinates":[[[-74.663437,40.887642],[-74.664289,40.888949],[-74.664952,40.890014],[-74.66541,40.890614],[-74.665735,40.890978],[-74.665964,40.891133],[-74.666192,40.891215],[-74.666576,40.891296],[-74.667067,40.891406],[-74.667399,40.891603],[-74.667585,40.891777],[-74.667745,40.892055],[-74.667858,40.892368],[-74.667841,40.892623],[-74.667799,40.892762],[-74.667683,40.892942],[-74.667408,40.89337],[-74.666872,40.894201],[-74.666403,40.895155],[-74.666218,40.895462],[-74.666019,40.895707],[-74.665734,40.896],[-74.665227,40.896269],[-74.664585,40.896389],[-74.664002,40.896528],[-74.663516,40.896648],[-74.663409,40.896722],[-74.663639,40.896834],[-74.664035,40.896665],[-74.664557,40.896538],[-74.664889,40.896484],[-74.665351,40.896381],[-74.665745,40.896199],[-74.66606,40.895965],[-74.666293,40.895688],[-74.666592,40.895273],[-74.667219,40.894048],[-74.667851,40.893009],[-74.668003,40.89275],[-74.668031,40.892657],[-74.668033,40.892261],[-74.667907,40.891987],[-74.66772,40.891694],[-74.66743,40.891436],[-74.667081,40.891277],[-74.666648,40.891187],[-74.666288,40.891123],[-74.666077,40.891039],[-74.665831,40.890896],[-74.665494,40.89045],[-74.665156,40.890023],[-74.664903,40.889578],[-74.664272,40.888645],[-74.663925,40.888097],[-74.6635,40.887419],[-74.663244,40.887131],[-74.663255,40.88713],[-74.662619,40.886514],[-74.661612,40.885837],[-74.66113,40.885617],[-74.660551,40.885473],[-74.660387,40.885389],[-74.660292,40.885297],[-74.66017,40.885198],[-74.660031,40.885291],[-74.660135,40.885383],[-74.660362,40.885515],[-74.660847,40.885668],[-74.661481,40.885934],[-74.662367,40.886515],[-74.663065,40.887144],[-74.663067,40.887144],[-74.663437,40.887642]]]},"properties":{"OBJECTID":35,"NAME":"Morris Canal","TYPE":"Canal","PURPOSE":"Navigation","STATUS":"Inactive","CONDITION":"Dry","PUBLICLY_A":" ","ADDRESS":" ","MUN":"ROXBURY TWP","COUNTY":"MORRIS","COMMENTS":" ","GLOBALID":"{F040B4FE-1542-4460-A8D0-D6E4FA44755D}","SHAPE_Length":11539.257114225025,"SHAPE_Area":296149.0248702561}},{"type":"Feature","geometry":{"type":"Polygon","coordinates":[[[-74.652453,40.877844],[-74.652541,40.87786],[-74.652654,40.877876],[-74.652747,40.877895],[-74.652851,40.877922],[-74.652967,40.877957],[-74.653261,40.878087],[-74.653496,40.878213],[-74.65376,40.878382],[-74.654102,40.878644],[-74.654194,40.878557],[-74.653959,40.878374],[-74.653534,40.87812],[-74.652948,40.877851],[-74.652644,40.877768],[-74.652505,40.877741],[-74.652352,40.877728],[-74.652099,40.877727],[-74.650271,40.877698],[-74.649083,40.877672],[-74.64908,40.877789],[-74.651076,40.877845],[-74.651361,40.877846],[-74.652243,40.877841],[-74.652345,40.877841],[-74.652453,40.877844]]]},"properties":{"OBJECTID":36,"NAME":"Morris Canal","TYPE":"Canal","PURPOSE":"Navigation","STATUS":"Inactive","CONDITION":"Dry","PUBLICLY_A":" ","ADDRESS":" ","MUN":"ROXBURY TWP","COUNTY":"MORRIS","COMMENTS":" ","GLOBALID":"{4CA11924-6BA6-4274-BA0A-A35F6610F59A}","SHAPE_Length":3076.168529445991,"SHAPE_Area":61529.311824481505}},{"type":"Feature","geometry":{"type":"Polygon","coordinates":[[[-74.597969,40.900548],[-74.597306,40.900709],[-74.59667,40.900894],[-74.596709,40.901023],[-74.597243,40.900859],[-74.597922,40.900692],[-74.598595,40.900588],[-74.599205,40.900545],[-74.599432,40.900562],[-74.59948,40.90042],[-74.599438,40.900403],[-74.59914,40.900408],[-74.598729,40.900426],[-74.597969,40.900548]]]},"properties":{"OBJECTID":37,"NAME":"Morris Canal","TYPE":"Canal","PURPOSE":"Navigation","STATUS":"Inactive","CONDITION":"Dry","PUBLICLY_A":" ","ADDRESS":" ","MUN":"ROXBURY TWP","COUNTY":"MORRIS","COMMENTS":" ","GLOBALID":"{F971CAD1-1644-4FA4-BCDB-D00BE69AC16B}","SHAPE_Length":1685.552674081306,"SHAPE_Area":38863.66099655027}},{"type":"Feature","geometry":{"type":"Polygon","coordinates":[[[-74.642201,40.877598],[-74.647784,40.877753],[-74.647793,40.877645],[-74.64702,40.877628],[-74.642192,40.87749],[-74.642201,40.877598]]]},"properties":{"OBJECTID":38,"NAME":"Morris Canal","TYPE":"Canal","PURPOSE":"Navigation","STATUS":"Inactive","CONDITION":"Dry","PUBLICLY_A":" ","ADDRESS":" ","MUN":"ROXBURY TWP","COUNTY":"MORRIS","COMMENTS":" ","GLOBALID":"{9A5B8BBF-7527-4BA8-B8F5-F8992BE41739}","SHAPE_Length":3173.5541036520035,"SHAPE_Area":59683.19474752596}},{"type":"Feature","geometry":{"type":"Polygon","coordinates":[[[-74.668262,40.910143],[-74.667838,40.910377],[-74.667445,40.910596],[-74.667201,40.910725],[-74.666967,40.910895],[-74.666819,40.911048],[-74.666766,40.911145],[-74.666755,40.911258],[-74.666745,40.911412],[-74.666777,40.911533],[-74.666927,40.911766],[-74.667082,40.911973],[-74.667439,40.912387],[-74.667524,40.912508],[-74.667609,40.912645],[-74.667663,40.912765],[-74.667731,40.913112],[-74.667708,40.913305],[-74.667648,40.913664],[-74.66758,40.914032],[-74.667397,40.914564],[-74.667253,40.91495],[-74.667125,40.915174],[-74.667014,40.915289],[-74.666545,40.915747],[-74.666066,40.916127],[-74.665619,40.916491],[-74.664868,40.916965],[-74.664466,40.917158],[-74.66417,40.917293],[-74.664274,40.917405],[-74.664511,40.91727],[-74.665133,40.916932],[-74.665806,40.916503],[-74.666545,40.915978],[-74.667126,40.91542],[-74.667237,40.915284],[-74.667319,40.915157],[-74.667522,40.914731],[-74.667733,40.914118],[-74.667813,40.913637],[-74.667869,40.913147],[-74.667834,40.912902],[-74.66778,40.912781],[-74.667737,40.912644],[-74.667662,40.912523],[-74.667577,40.912386],[-74.667271,40.912021],[-74.667057,40.911738],[-74.666938,40.911581],[-74.666879,40.911469],[-74.666873,40.911347],[-74.666883,40.911258],[-74.666904,40.911145],[-74.666989,40.911008],[-74.667222,40.910822],[-74.667732,40.910539],[-74.668114,40.910345],[-74.668679,40.910045],[-74.668647,40.910036],[-74.668611,40.910021],[-74.668579,40.909988],[-74.668549,40.909947],[-74.668262,40.910143]]]},"properties":{"OBJECTID":39,"NAME":"Morris Canal","TYPE":"Canal","PURPOSE":"Navigation","STATUS":"Inactive","CONDITION":"Dry","PUBLICLY_A":" ","ADDRESS":" ","MUN":"ROXBURY TWP","COUNTY":"MORRIS","COMMENTS":"Hopatcong Feeder Canal.","GLOBALID":"{B99418C1-3E15-448D-BCE4-21CA1E420CB5}","SHAPE_Length":6831.029889879797,"SHAPE_Area":136444.6099950918}},{"type":"Feature","geometry":{"type":"Polygon","coordinates":[[[-74.978978,40.762954],[-74.979309,40.763001],[-74.982128,40.764195],[-74.984106,40.764963],[-74.984603,40.765101],[-74.985725,40.765204],[-74.986141,40.765278],[-74.986876,40.765407],[-74.987847,40.765749],[-74.989593,40.766439],[-74.991388,40.76737],[-74.993779,40.76882],[-74.993883,40.768685],[-74.991415,40.767154],[-74.989706,40.76632],[-74.988164,40.765632],[-74.987027,40.765248],[-74.986135,40.765062],[-74.984758,40.764906],[-74.984447,40.764855],[-74.984104,40.764715],[-74.982724,40.764192],[-74.980177,40.763124],[-74.979606,40.762854],[-74.979059,40.762726],[-74.97862,40.76268],[-74.978288,40.762717],[-74.977803,40.762811],[-74.977479,40.762892],[-74.977255,40.762959],[-74.976904,40.763114],[-74.976612,40.763339],[-74.97639,40.763491],[-74.976148,40.763643],[-74.975647,40.763815],[-74.974983,40.764074],[-74.974246,40.764121],[-74.972522,40.764212],[-74.971998,40.764288],[-74.971329,40.764387],[-74.970194,40.764566],[-74.968489,40.764882],[-74.9673,40.765155],[-74.966306,40.765404],[-74.965634,40.765645],[-74.964872,40.766043],[-74.963908,40.766524],[-74.964046,40.766646],[-74.965783,40.765783],[-74.966375,40.765545],[-74.966784,40.765455],[-74.967457,40.765286],[-74.969434,40.764903],[-74.97106,40.764603],[-74.971959,40.764485],[-74.972917,40.764401],[-74.973949,40.764366],[-74.975003,40.764302],[-74.975649,40.764099],[-74.976228,40.763874],[-74.976769,40.763577],[-74.97719,40.763275],[-74.97748,40.763128],[-74.977902,40.763032],[-74.978452,40.762932],[-74.978978,40.762954]]]},"properties":{"OBJECTID":40,"NAME":"Morris Canal","TYPE":"Canal","PURPOSE":"Navigation","STATUS":"Inactive","CONDITION":"Dry","PUBLICLY_A":" ","ADDRESS":" ","MUN":"WASHINGTON TWP","COUNTY":"WARREN","COMMENTS":" ","GLOBALID":"{F2C4096E-5FC9-4635-A7BD-61CB0885B7CE}","SHAPE_Length":18451.135671943026,"SHAPE_Area":659502.4906369831}},{"type":"Feature","geometry":{"type":"Polygon","coordinates":[[[-74.997679,40.77089],[-74.99815,40.770983],[-74.998494,40.770958],[-74.998915,40.770815],[-74.99915,40.770562],[-74.999318,40.770266],[-74.999501,40.769405],[-74.999575,40.768713],[-74.999674,40.767476],[-74.999792,40.766594],[-75.000039,40.765876],[-75.000378,40.765281],[-75.00078,40.764989],[-75.001816,40.764641],[-75.002895,40.764291],[-75.003895,40.763941],[-75.004175,40.763749],[-75.004456,40.763486],[-75.004641,40.763175],[-75.004872,40.762807],[-75.005212,40.762115],[-75.005472,40.761732],[-75.005538,40.761634],[-75.005608,40.761573],[-75.005873,40.761386],[-75.006339,40.761106],[-75.006449,40.761074],[-75.006348,40.760948],[-75.006231,40.761003],[-75.005653,40.761331],[-75.005462,40.761497],[-75.005364,40.761581],[-75.005149,40.761886],[-75.0049,40.762307],[-75.004498,40.763095],[-75.004236,40.763475],[-75.003877,40.763789],[-75.003003,40.764112],[-75.001525,40.764577],[-75.000877,40.764764],[-75.000376,40.765019],[-75.000109,40.765248],[-74.999921,40.765583],[-74.999665,40.766309],[-74.999498,40.767133],[-74.999406,40.768216],[-74.999251,40.769442],[-74.99916,40.770076],[-74.998976,40.770456],[-74.998726,40.770673],[-74.998507,40.77077],[-74.998195,40.770804],[-74.997866,40.77077],[-74.997534,40.770638],[-74.997406,40.770778],[-74.997679,40.77089]]]},"properties":{"OBJECTID":41,"NAME":"Morris Canal","TYPE":"Canal","PURPOSE":"Navigation","STATUS":"Inactive","CONDITION":"Dry","PUBLICLY_A":" ","ADDRESS":" ","MUN":"WASHINGTON TWP","COUNTY":"WARREN","COMMENTS":" ","GLOBALID":"{76FD124F-881D-47E3-86C1-9FBDD95AAB40}","SHAPE_Length":9877.933628951892,"SHAPE_Area":280506.7946997106}},{"type":"Feature","geometry":{"type":"Polygon","coordinates":[[[-74.268191,40.915263],[-74.268545,40.917527],[-74.268787,40.919089],[-74.269009,40.919673],[-74.269245,40.920235],[-74.269645,40.920678],[-74.270646,40.921839],[-74.272489,40.923993],[-74.273951,40.925673],[-74.27523,40.927506],[-74.275264,40.927721],[-74.275266,40.929198],[-74.275243,40.930068],[-74.27524,40.9308],[-74.2755,40.931364],[-74.275846,40.932054],[-74.276721,40.933437],[-74.277308,40.934431],[-74.277497,40.934643],[-74.277653,40.934809],[-74.277907,40.934993],[-74.278431,40.935344],[-74.279007,40.935531],[-74.279496,40.935696],[-74.279798,40.935806],[-74.280143,40.93597],[-74.280327,40.936147],[-74.280496,40.936583],[-74.280449,40.937359],[-74.280084,40.938621],[-74.279448,40.940412],[-74.278924,40.942387],[-74.27867,40.943149],[-74.278604,40.944102],[-74.278346,40.946032],[-74.278281,40.946675],[-74.278026,40.947699],[-74.277307,40.950397],[-74.277039,40.951676],[-74.27697,40.953439],[-74.276431,40.954892],[-74.276442,40.955256],[-74.276933,40.956859],[-74.277654,40.958698],[-74.27828,40.960097],[-74.279081,40.962292],[-74.27929,40.96302],[-74.279302,40.963347],[-74.279217,40.963663],[-74.278754,40.96507],[-74.278683,40.965413],[-74.278689,40.96569],[-74.27875,40.966405],[-74.278904,40.967239],[-74.279027,40.96793],[-74.279119,40.968812],[-74.279193,40.969619],[-74.279214,40.970149],[-74.279078,40.97049],[-74.278892,40.970694],[-74.279143,40.970837],[-74.279325,40.970541],[-74.279461,40.970269],[-74.279462,40.969859],[-74.2794,40.969289],[-74.279248,40.967859],[-74.278945,40.966321],[-74.278878,40.965452],[-74.278991,40.964876],[-74.279174,40.964359],[-74.279426,40.963716],[-74.279514,40.963261],[-74.279485,40.962904],[-74.279264,40.96226],[-74.278586,40.960305],[-74.278442,40.959901],[-74.27764,40.957963],[-74.277123,40.956711],[-74.276781,40.955753],[-74.27665,40.955249],[-74.276714,40.954678],[-74.277031,40.953868],[-74.277222,40.953297],[-74.277225,40.95251],[-74.27729,40.951677],[-74.277399,40.951088],[-74.277546,40.950343],[-74.277865,40.949033],[-74.278056,40.948295],[-74.278373,40.94739],[-74.278598,40.946008],[-74.278856,40.944031],[-74.278921,40.943269],[-74.279048,40.942769],[-74.27943,40.941387],[-74.279809,40.940277],[-74.280173,40.939031],[-74.28065,40.937769],[-74.280764,40.93724],[-74.280734,40.936696],[-74.28059,40.936113],[-74.280362,40.935884],[-74.280144,40.935752],[-74.279841,40.935633],[-74.279626,40.935565],[-74.279108,40.935422],[-74.278547,40.935202],[-74.278122,40.934892],[-74.277845,40.934731],[-74.277607,40.934475],[-74.277263,40.934021],[-74.276754,40.93308],[-74.276325,40.932456],[-74.275841,40.931487],[-74.275521,40.930892],[-74.275484,40.930503],[-74.275549,40.928589],[-74.27545,40.92753],[-74.275383,40.927366],[-74.274994,40.926842],[-74.274243,40.925833],[-74.273586,40.924967],[-74.270267,40.921076],[-74.269487,40.920188],[-74.269207,40.919521],[-74.269025,40.918974],[-74.268929,40.918305],[-74.268528,40.915931],[-74.268416,40.915228],[-74.268191,40.915263]]]},"properties":{"OBJECTID":42,"NAME":"Morris Canal","TYPE":"Canal","PURPOSE":"Navigation","STATUS":"Inactive","CONDITION":"Dry","PUBLICLY_A":" ","ADDRESS":" ","MUN":"WAYNE TWP","COUNTY":"PASSAIC","COMMENTS":"Pompton Feeder Canal.","GLOBALID":"{A60C221F-F0E2-44F7-8FBC-35F250F39B44}","SHAPE_Length":43296.52275134397,"SHAPE_Area":1371787.859050604}},{"type":"Feature","geometry":{"type":"Polygon","coordinates":[[[-74.590213,40.90281],[-74.590683,40.902879],[-74.591006,40.902879],[-74.590993,40.902764],[-74.590638,40.902764],[-74.590259,40.902707],[-74.589668,40.902535],[-74.58829,40.902055],[-74.587621,40.901726],[-74.587076,40.901473],[-74.586757,40.901324],[-74.586393,40.901221],[-74.586015,40.901106],[-74.585636,40.901038],[-74.583409,40.900849],[-74.582042,40.900518],[-74.58096,40.900135],[-74.58028,40.899861],[-74.579989,40.89976],[-74.579819,40.899668],[-74.579589,40.899512],[-74.578728,40.899053],[-74.577816,40.898565],[-74.576964,40.898253],[-74.576228,40.897974],[-74.575709,40.897745],[-74.575466,40.897504],[-74.575238,40.897274],[-74.575008,40.89716],[-74.574836,40.897087],[-74.574574,40.897025],[-74.574364,40.896991],[-74.574073,40.896962],[-74.573719,40.896947],[-74.57336,40.896904],[-74.573138,40.896829],[-74.572316,40.896377],[-74.57156,40.895964],[-74.571502,40.896025],[-74.573089,40.896904],[-74.573392,40.897003],[-74.573709,40.897028],[-74.574338,40.897072],[-74.574629,40.897131],[-74.5749,40.897219],[-74.575148,40.897367],[-74.575336,40.897527],[-74.57555,40.897762],[-74.575921,40.897952],[-74.576642,40.898227],[-74.577552,40.898575],[-74.578085,40.898814],[-74.578461,40.899035],[-74.579225,40.89942],[-74.579786,40.899766],[-74.580305,40.899962],[-74.580771,40.900145],[-74.581954,40.900586],[-74.583324,40.900944],[-74.585439,40.901118],[-74.586166,40.901256],[-74.586711,40.901436],[-74.587119,40.901603],[-74.587493,40.901784],[-74.588105,40.902093],[-74.589152,40.902483],[-74.589744,40.902684],[-74.590213,40.90281]]]},"properties":{"OBJECTID":43,"NAME":"Morris Canal","TYPE":"Canal","PURPOSE":"Navigation","STATUS":"Inactive","CONDITION":"Dry","PUBLICLY_A":" ","ADDRESS":" ","MUN":"WHARTON BORO","COUNTY":"MORRIS","COMMENTS":" ","GLOBALID":"{239AB1BF-26E0-458A-BDB7-962143ED1992}","SHAPE_Length":12167.498537531794,"SHAPE_Area":209652.8591526111}},{"type":"Feature","geometry":{"type":"Polygon","coordinates":[[[-74.570025,40.888437],[-74.570028,40.888472],[-74.570047,40.888986],[-74.569992,40.889464],[-74.569918,40.88995],[-74.569595,40.891273],[-74.569419,40.891763],[-74.569362,40.89198],[-74.569328,40.892337],[-74.5693,40.893602],[-74.569336,40.893963],[-74.569373,40.894401],[-74.569407,40.894592],[-74.569523,40.894753],[-74.569617,40.894892],[-74.569729,40.894963],[-74.569796,40.895013],[-74.569899,40.894929],[-74.570018,40.894811],[-74.56978,40.894744],[-74.569622,40.89471],[-74.569521,40.894483],[-74.569464,40.893931],[-74.569477,40.892522],[-74.569512,40.892026],[-74.569783,40.891211],[-74.570096,40.889948],[-74.570177,40.889401],[-74.570204,40.888993],[-74.570197,40.888431],[-74.570025,40.888437]]]},"properties":{"OBJECTID":44,"NAME":"Morris Canal","TYPE":"Canal","PURPOSE":"Navigation","STATUS":"Inactive","CONDITION":"Dry","PUBLICLY_A":" ","ADDRESS":" ","MUN":"WHARTON BORO","COUNTY":"MORRIS","COMMENTS":" ","GLOBALID":"{B25BED56-CB08-42F8-803D-FFF8A8A2428F}","SHAPE_Length":5023.852662027907,"SHAPE_Area":111709.12797890956}},{"type":"Feature","geometry":{"type":"Polygon","coordinates":[[[-74.413524,40.905814],[-74.414241,40.906205],[-74.415249,40.906902],[-74.415753,40.907265],[-74.41594,40.907388],[-74.416093,40.907492],[-74.416346,40.907615],[-74.416569,40.907711],[-74.41691,40.907785],[-74.417265,40.90783],[-74.417571,40.907842],[-74.417929,40.907862],[-74.41827,40.907913],[-74.418599,40.908127],[-74.41885,40.908402],[-74.418919,40.908692],[-74.418762,40.909431],[-74.418722,40.909746],[-74.418869,40.909746],[-74.418896,40.909515],[-74.419101,40.908712],[-74.418992,40.908318],[-74.418725,40.908032],[-74.418349,40.907817],[-74.417893,40.907738],[-74.417533,40.907729],[-74.417188,40.907694],[-74.41691,40.907666],[-74.416576,40.90758],[-74.416251,40.907427],[-74.41447,40.906194],[-74.41367,40.905695],[-74.413524,40.905814]]]},"properties":{"OBJECTID":45,"NAME":"Morris Canal","TYPE":"Canal","PURPOSE":"Navigation","STATUS":"Inactive","CONDITION":"Dry","PUBLICLY_A":"Yes","ADDRESS":" ","MUN":"BOONTON TOWN","COUNTY":"MORRIS","COMMENTS":"North Main St. between Rockaway River and the road is accessible from Boonton Public Works yard.","GLOBALID":"{60258EBE-FCC7-4293-9A00-5028C1089B8F}","SHAPE_Length":4752.196502571335,"SHAPE_Area":106404.07301778725}},{"type":"Feature","geometry":{"type":"Polygon","coordinates":[[[-74.422725,40.911822],[-74.422945,40.911887],[-74.423238,40.911989],[-74.423347,40.912064],[-74.423469,40.912175],[-74.423713,40.912508],[-74.42405,40.912919],[-74.424165,40.912878],[-74.423713,40.912332],[-74.423506,40.912054],[-74.42322,40.911877],[-74.422945,40.911767],[-74.422639,40.91171],[-74.422058,40.911674],[-74.420957,40.911791],[-74.420541,40.911802],[-74.420113,40.911725],[-74.419956,40.911633],[-74.419853,40.911706],[-74.420089,40.911821],[-74.420394,40.911867],[-74.420785,40.911877],[-74.42109,40.911858],[-74.421725,40.911803],[-74.422176,40.911776],[-74.422725,40.911822]]]},"properties":{"OBJECTID":46,"NAME":"Morris Canal","TYPE":"Canal","PURPOSE":"Navigation","STATUS":"Inactive","CONDITION":"Dry","PUBLICLY_A":"Yes","ADDRESS":" ","MUN":"BOONTON TOWN","COUNTY":"MORRIS","COMMENTS":"North Main St. between Rockaway River and the road is accessible from Boonton Public Works yard.","GLOBALID":"{D040339B-3DF2-4B68-B6AE-95D41B54013B}","SHAPE_Length":2833.2696755402117,"SHAPE_Area":45938.76060672981}},{"type":"Feature","geometry":{"type":"Polygon","coordinates":[[[-74.425919,40.915193],[-74.42637,40.915741],[-74.426492,40.915685],[-74.426034,40.915133],[-74.425919,40.915193]]]},"properties":{"OBJECTID":47,"NAME":"Morris Canal","TYPE":"Canal","PURPOSE":"Navigation","STATUS":"Inactive","CONDITION":"Dry","PUBLICLY_A":"Yes","ADDRESS":" ","MUN":"BOONTON TWP","COUNTY":"MORRIS","COMMENTS":"North Main St. between Rockaway River and the road is accessible from Boonton Public Works yard.","GLOBALID":"{2D0F450D-BCB6-478C-BC08-C934F5ED02AE}","SHAPE_Length":550.4782785488834,"SHAPE_Area":9189.39988799568}},{"type":"Feature","geometry":{"type":"MultiPolygon","coordinates":[[[[-74.167897,40.878875],[-74.167921,40.878883],[-74.168448,40.877804],[-74.168887,40.876896],[-74.169175,40.876198],[-74.169273,40.8759],[-74.16931,40.875643],[-74.16932,40.875287],[-74.169341,40.874876],[-74.169378,40.873685],[-74.169259,40.872398],[-74.169139,40.871301],[-74.169241,40.869872],[-74.169435,40.868681],[-74.169421,40.868681],[-74.169457,40.868546],[-74.16953,40.868332],[-74.169748,40.867939],[-74.170131,40.867444],[-74.170605,40.866802],[-74.17086,40.866112],[-74.171031,40.8655],[-74.171211,40.864945],[-74.171559,40.864303],[-74.172445,40.862947],[-74.173331,40.861544],[-74.174874,40.859626],[-74.17519,40.85906],[-74.175543,40.858405],[-74.175576,40.858103],[-74.175557,40.857912],[-74.175398,40.857662],[-74.175245,40.857518],[-74.17501,40.857362],[-74.17467,40.857187],[-74.174074,40.857066],[-74.172506,40.85699],[-74.171885,40.856909],[-74.171471,40.856821],[-74.171216,40.856613],[-74.171055,40.856398],[-74.170908,40.85599],[-74.170985,40.855514],[-74.171301,40.854971],[-74.172082,40.853892],[-74.172714,40.852916],[-74.173062,40.852274],[-74.173569,40.851346],[-74.173707,40.850997],[-74.173772,40.850663],[-74.173729,40.850227],[-74.173684,40.849946],[-74.173545,40.849672],[-74.173386,40.849454],[-74.17317,40.849242],[-74.17264,40.848597],[-74.172263,40.847943],[-74.172139,40.847621],[-74.172097,40.847452],[-74.172114,40.847213],[-74.172144,40.846703],[-74.172277,40.845927],[-74.172453,40.844815],[-74.172763,40.843382],[-74.172904,40.843081],[-74.173233,40.842658],[-74.173935,40.842005],[-74.174825,40.84114],[-74.176019,40.840046],[-74.177003,40.83904],[-74.177396,40.838507],[-74.177709,40.837903],[-74.17798,40.836998],[-74.179182,40.834976],[-74.179676,40.834034],[-74.179684,40.833876],[-74.179662,40.833747],[-74.179622,40.833612],[-74.179554,40.833486],[-74.179235,40.832898],[-74.178736,40.83208],[-74.178405,40.83152],[-74.178292,40.831056],[-74.178314,40.830266],[-74.1783,40.829374],[-74.178236,40.828508],[-74.178135,40.827694],[-74.177935,40.827353],[-74.177777,40.827178],[-74.177665,40.82709],[-74.177413,40.826921],[-74.176959,40.826694],[-74.176568,40.826395],[-74.176272,40.825989],[-74.176118,40.825547],[-74.176119,40.825226],[-74.176286,40.824114],[-74.176283,40.824114],[-74.176713,40.822428],[-74.176856,40.822178],[-74.177312,40.821762],[-74.177801,40.821215],[-74.178274,40.820693],[-74.178654,40.820038],[-74.17897,40.819408],[-74.179177,40.818825],[-74.179174,40.818825],[-74.179228,40.818679],[-74.179584,40.817331],[-74.179854,40.816569],[-74.180518,40.815606],[-74.181412,40.814752],[-74.182295,40.813766],[-74.18228,40.813764],[-74.183652,40.812136],[-74.183751,40.812017],[-74.183849,40.811947],[-74.184611,40.811449],[-74.185932,40.810654],[-74.186312,40.81029],[-74.189331,40.809405],[-74.189136,40.809299],[-74.186138,40.810239],[-74.185622,40.810699],[-74.184238,40.811529],[-74.183759,40.811822],[-74.183668,40.811887],[-74.183575,40.811983],[-74.183183,40.812468],[-74.182552,40.813228],[-74.182111,40.813728],[-74.182141,40.813744],[-74.18211,40.81374],[-74.18148,40.814441],[-74.180941,40.814989],[-74.180342,40.815583],[-74.179824,40.81633],[-74.179428,40.817235],[-74.179174,40.81823],[-74.179027,40.818836],[-74.17902,40.818836],[-74.178687,40.819669],[-74.178339,40.820312],[-74.178043,40.820733],[-74.177755,40.821025],[-74.177361,40.8215],[-74.176703,40.82209],[-74.176498,40.822411],[-74.176386,40.822792],[-74.17629,40.823316],[-74.176066,40.824102],[-74.175884,40.825189],[-74.175883,40.82544],[-74.175937,40.825755],[-74.176005,40.825954],[-74.176255,40.826286],[-74.176517,40.826551],[-74.176764,40.826726],[-74.177001,40.826874],[-74.177398,40.827083],[-74.1776,40.827231],[-74.177828,40.82746],[-74.177962,40.827729],[-74.178053,40.828444],[-74.178127,40.829385],[-74.178125,40.830479],[-74.178119,40.831089],[-74.178257,40.831626],[-74.178584,40.832151],[-74.179023,40.832865],[-74.179267,40.833308],[-74.179485,40.833721],[-74.179484,40.833869],[-74.179475,40.834029],[-74.179298,40.834343],[-74.178994,40.834916],[-74.17856,40.835622],[-74.177843,40.836888],[-74.177585,40.837591],[-74.177505,40.83785],[-74.17736,40.838117],[-74.177204,40.838437],[-74.176629,40.839145],[-74.176067,40.83971],[-74.175435,40.840327],[-74.175014,40.840698],[-74.174264,40.841439],[-74.173492,40.842127],[-74.17314,40.842516],[-74.172671,40.843045],[-74.172506,40.843523],[-74.172284,40.844545],[-74.172155,40.845212],[-74.171989,40.846322],[-74.171843,40.847274],[-74.171919,40.847787],[-74.172276,40.848467],[-74.172807,40.849147],[-74.173077,40.84941],[-74.173247,40.849603],[-74.173419,40.849875],[-74.173507,40.850234],[-74.17352,40.850734],[-74.173361,40.851246],[-74.17306,40.851793],[-74.172332,40.853125],[-74.171578,40.8542],[-74.171009,40.855056],[-74.170798,40.855456],[-74.170685,40.855898],[-74.170728,40.856227],[-74.170875,40.856556],[-74.171083,40.856749],[-74.171356,40.856947],[-74.17192,40.85708],[-74.172393,40.857137],[-74.172913,40.857158],[-74.17359,40.857188],[-74.174262,40.857234],[-74.174743,40.857374],[-74.175133,40.857648],[-74.175344,40.85795],[-74.175323,40.85838],[-74.175133,40.858785],[-74.174722,40.859499],[-74.173869,40.860592],[-74.172985,40.86171],[-74.172352,40.862709],[-74.17162,40.863834],[-74.171003,40.864881],[-74.170795,40.865571],[-74.170577,40.866278],[-74.170354,40.866825],[-74.170002,40.867284],[-74.169496,40.868045],[-74.169369,40.868276],[-74.169299,40.868459],[-74.169254,40.868681],[-74.169246,40.86868],[-74.169125,40.869532],[-74.168984,40.870823],[-74.168965,40.871402],[-74.169041,40.872135],[-74.169171,40.873441],[-74.169133,40.874752],[-74.169128,40.875361],[-74.169127,40.875506],[-74.169105,40.875669],[-74.169053,40.875971],[-74.168874,40.876419],[-74.168606,40.877026],[-74.167751,40.878831],[-74.167751,40.878831],[-74.167752,40.87883],[-74.167897,40.878875]]],[[[-74.81606,40.876268],[-74.815434,40.87677],[-74.815279,40.87708],[-74.814782,40.878273],[-74.814411,40.879187],[-74.814298,40.879418],[-74.814211,40.879562],[-74.814036,40.8798],[-74.813958,40.879885],[-74.813731,40.880022],[-74.812407,40.880496],[-74.811891,40.880646],[-74.811753,40.88071],[-74.811651,40.880758],[-74.811571,40.880815],[-74.80937,40.882386],[-74.80918,40.882584],[-74.809136,40.882705],[-74.809093,40.882816],[-74.80908,40.882959],[-74.808949,40.883103],[-74.808732,40.883224],[-74.808225,40.883524],[-74.808224,40.883524],[-74.808339,40.883613],[-74.808922,40.883268],[-74.809123,40.883149],[-74.809216,40.88303],[-74.809282,40.882859],[-74.809311,40.882683],[-74.809475,40.882488],[-74.811464,40.8811],[-74.811768,40.880889],[-74.811878,40.880826],[-74.811989,40.880773],[-74.812148,40.880717],[-74.81249,40.88061],[-74.813912,40.880086],[-74.814083,40.879968],[-74.814224,40.879824],[-74.814441,40.87948],[-74.814505,40.879322],[-74.814722,40.878869],[-74.815343,40.877319],[-74.815604,40.876797],[-74.816061,40.876483],[-74.816323,40.876217],[-74.816147,40.876165],[-74.81606,40.876268]]]]},"properties":{"OBJECTID":48,"NAME":"Morris Canal","TYPE":"Canal","PURPOSE":"Navigation","STATUS":"Inactive","CONDITION":"Dry","PUBLICLY_A":"Yes","ADDRESS":" ","MUN":"HACKETTSTOWN TOWN","COUNTY":"WARREN","COMMENTS":"A half mile section between Allwood and Van Houten Ave. in Clifton along Garden State Parkway is accessible.","GLOBALID":"{4B72DF3C-A0FA-48B3-9A74-4005E25D8CF1}","SHAPE_Length":66036.21460280326,"SHAPE_Area":1782262.1079020218}},{"type":"Feature","geometry":{"type":"Polygon","coordinates":[[[-74.357427,40.91543],[-74.357875,40.915451],[-74.357856,40.915292],[-74.357408,40.91527],[-74.357427,40.91543]]]},"properties":{"OBJECTID":49,"NAME":"Morris Canal","TYPE":"Canal","PURPOSE":"Navigation","STATUS":"Inactive","CONDITION":"Dry","PUBLICLY_A":"Yes","ADDRESS":" ","MUN":"MONTVILLE TWP","COUNTY":"MORRIS","COMMENTS":"Main St. (Route 202) Towaco to change Bridge Rd. is accessible.","GLOBALID":"{D9B614E3-7B72-4C62-ADE8-D82FEAA046D6}","SHAPE_Length":364.9032329991174,"SHAPE_Area":7161.141235580068}},{"type":"Feature","geometry":{"type":"Polygon","coordinates":[[[-74.349893,40.916434],[-74.348985,40.917187],[-74.348839,40.917334],[-74.349015,40.917445],[-74.349706,40.916792],[-74.350148,40.916501],[-74.349994,40.916377],[-74.349893,40.916434]]]},"properties":{"OBJECTID":50,"NAME":"Morris Canal","TYPE":"Canal","PURPOSE":"Navigation","STATUS":"Inactive","CONDITION":"Dry","PUBLICLY_A":"Yes","ADDRESS":" ","MUN":"MONTVILLE TWP","COUNTY":"MORRIS","COMMENTS":"Main St. (Route 202) Towaco to change Bridge Rd. is accessible.","GLOBALID":"{B6A81B98-95FD-4077-A8DD-07CB86D5C403}","SHAPE_Length":1066.0375273266634,"SHAPE_Area":27598.693602096362}},{"type":"Feature","geometry":{"type":"Polygon","coordinates":[[[-74.18261,40.909292],[-74.183008,40.909346],[-74.183407,40.909312],[-74.183901,40.909099],[-74.184606,40.908781],[-74.185852,40.908197],[-74.186114,40.907977],[-74.186252,40.90786],[-74.186329,40.907652],[-74.186375,40.907312],[-74.186514,40.907024],[-74.186656,40.906811],[-74.18715,40.90651],[-74.188819,40.905785],[-74.189923,40.90534],[-74.190327,40.905205],[-74.190526,40.905161],[-74.19069,40.905139],[-74.190979,40.905202],[-74.191994,40.905478],[-74.192233,40.90556],[-74.192518,40.905573],[-74.19287,40.905511],[-74.193256,40.905347],[-74.194077,40.904829],[-74.194795,40.904294],[-74.195172,40.904004],[-74.195379,40.903786],[-74.195502,40.903542],[-74.195902,40.902751],[-74.196147,40.902366],[-74.196347,40.902115],[-74.196769,40.901931],[-74.197739,40.901742],[-74.198453,40.901516],[-74.198786,40.901298],[-74.199053,40.900946],[-74.199172,40.900662],[-74.199354,40.900026],[-74.19941,40.899471],[-74.199394,40.89901],[-74.199342,40.898577],[-74.199255,40.898143],[-74.199168,40.897655],[-74.199151,40.897438],[-74.199169,40.89733],[-74.199181,40.897135],[-74.199329,40.896273],[-74.199473,40.895636],[-74.199617,40.895126],[-74.199762,40.894755],[-74.200053,40.894136],[-74.200832,40.893118],[-74.201583,40.892318],[-74.201965,40.891832],[-74.202325,40.891201],[-74.202588,40.890787],[-74.202922,40.890481],[-74.203256,40.890175],[-74.203498,40.889926],[-74.203762,40.889519],[-74.20398,40.888994],[-74.204143,40.88868],[-74.20434,40.888433],[-74.204499,40.888328],[-74.204797,40.888186],[-74.205426,40.887901],[-74.205681,40.887729],[-74.205899,40.887521],[-74.205981,40.887313],[-74.206058,40.887045],[-74.206086,40.886861],[-74.206092,40.886616],[-74.206,40.886316],[-74.205879,40.886053],[-74.205876,40.885663],[-74.205939,40.885424],[-74.206317,40.885211],[-74.206694,40.885052],[-74.207166,40.884856],[-74.207639,40.884452],[-74.208223,40.883805],[-74.208925,40.88341],[-74.208926,40.883412],[-74.209435,40.883074],[-74.210004,40.882147],[-74.210478,40.881439],[-74.210803,40.881037],[-74.211293,40.880577],[-74.212142,40.879897],[-74.212951,40.879257],[-74.213826,40.878387],[-74.21449,40.877607],[-74.21508,40.877036],[-74.215538,40.876436],[-74.216908,40.875301],[-74.218167,40.87459],[-74.219126,40.87414],[-74.219314,40.87408],[-74.219606,40.874001],[-74.220257,40.873898],[-74.220823,40.873876],[-74.221168,40.873948],[-74.221481,40.874068],[-74.22181,40.874265],[-74.222311,40.8746],[-74.222561,40.874869],[-74.222683,40.875254],[-74.222701,40.875449],[-74.222703,40.875795],[-74.222641,40.876234],[-74.222426,40.877149],[-74.222336,40.87778],[-74.222348,40.87811],[-74.222381,40.878398],[-74.222447,40.878575],[-74.222591,40.878736],[-74.223056,40.879106],[-74.223501,40.879474],[-74.223878,40.879838],[-74.224101,40.880156],[-74.224107,40.880466],[-74.223996,40.880758],[-74.223759,40.881037],[-74.223616,40.881274],[-74.223503,40.881561],[-74.223502,40.881916],[-74.223645,40.882212],[-74.223912,40.882416],[-74.22416,40.882544],[-74.224442,40.882632],[-74.224914,40.882712],[-74.224914,40.882714],[-74.224926,40.882713],[-74.22493,40.882714],[-74.224929,40.882713],[-74.225384,40.882695],[-74.225888,40.882621],[-74.226469,40.882384],[-74.227095,40.882131],[-74.228309,40.881685],[-74.228889,40.881636],[-74.229425,40.881734],[-74.229902,40.881972],[-74.230147,40.882143],[-74.23043,40.882377],[-74.230914,40.882909],[-74.230977,40.883003],[-74.231173,40.882963],[-74.230786,40.882466],[-74.230261,40.881991],[-74.229804,40.881715],[-74.229365,40.881571],[-74.228842,40.881481],[-74.228298,40.881545],[-74.227551,40.881777],[-74.226563,40.882163],[-74.225774,40.882455],[-74.225287,40.88253],[-74.224887,40.882529],[-74.224525,40.882471],[-74.224213,40.882385],[-74.223857,40.882154],[-74.223744,40.881931],[-74.223714,40.881722],[-74.223821,40.881323],[-74.224084,40.880953],[-74.224241,40.88076],[-74.224321,40.880447],[-74.224297,40.880132],[-74.22409,40.879779],[-74.22379,40.879457],[-74.223302,40.879051],[-74.222989,40.878791],[-74.222696,40.878541],[-74.222626,40.878373],[-74.222616,40.878102],[-74.222595,40.877806],[-74.222662,40.877367],[-74.222732,40.876928],[-74.222837,40.87634],[-74.222935,40.875554],[-74.222873,40.875144],[-74.222781,40.874863],[-74.222499,40.874529],[-74.222164,40.874273],[-74.22192,40.87412],[-74.221372,40.873859],[-74.220964,40.873757],[-74.220494,40.873737],[-74.219834,40.873807],[-74.219174,40.873949],[-74.218262,40.87437],[-74.217491,40.874761],[-74.216768,40.875176],[-74.215618,40.876132],[-74.215208,40.876531],[-74.214892,40.87694],[-74.214558,40.877256],[-74.214,40.877886],[-74.213602,40.878357],[-74.213031,40.878957],[-74.21266,40.879267],[-74.21205,40.879797],[-74.211347,40.880346],[-74.210697,40.880916],[-74.210485,40.881136],[-74.210242,40.881463],[-74.209231,40.883068],[-74.208844,40.883325],[-74.208837,40.883318],[-74.208034,40.883768],[-74.207561,40.884291],[-74.207104,40.884736],[-74.20638,40.885063],[-74.206066,40.885193],[-74.205846,40.885329],[-74.205735,40.885573],[-74.205689,40.885908],[-74.205771,40.88618],[-74.205826,40.886317],[-74.205925,40.886579],[-74.205941,40.886824],[-74.205919,40.887029],[-74.205901,40.887027],[-74.205838,40.887295],[-74.20571,40.887503],[-74.205538,40.887666],[-74.205262,40.887855],[-74.20464,40.888125],[-74.204346,40.888231],[-74.204215,40.888345],[-74.204005,40.888613],[-74.203788,40.889011],[-74.203559,40.889573],[-74.203377,40.889779],[-74.203079,40.890124],[-74.202707,40.890431],[-74.202336,40.890793],[-74.202071,40.891309],[-74.20171,40.891906],[-74.201469,40.89225],[-74.200771,40.892947],[-74.200054,40.893829],[-74.199813,40.894194],[-74.199647,40.89455],[-74.19946,40.895053],[-74.199208,40.895859],[-74.199029,40.896576],[-74.198939,40.897272],[-74.198961,40.897608],[-74.199031,40.898052],[-74.199101,40.898396],[-74.199175,40.899041],[-74.199191,40.899557],[-74.199165,40.90001],[-74.198977,40.90061],[-74.198754,40.901033],[-74.198526,40.901277],[-74.198189,40.901438],[-74.197899,40.901548],[-74.197612,40.901621],[-74.197344,40.901671],[-74.19702,40.901735],[-74.196618,40.901813],[-74.196242,40.901959],[-74.196018,40.902176],[-74.195858,40.902448],[-74.195382,40.903315],[-74.195224,40.903636],[-74.195066,40.903847],[-74.194769,40.904105],[-74.194332,40.904445],[-74.193703,40.904885],[-74.192969,40.905291],[-74.192787,40.905371],[-74.192552,40.905408],[-74.19225,40.905407],[-74.191999,40.905323],[-74.190979,40.905023],[-74.190713,40.904954],[-74.190543,40.904983],[-74.190358,40.905035],[-74.188518,40.905744],[-74.186963,40.906403],[-74.18661,40.906615],[-74.186327,40.906917],[-74.186209,40.907148],[-74.186137,40.907379],[-74.18609,40.907629],[-74.186018,40.907806],[-74.185879,40.908002],[-74.185594,40.908161],[-74.184039,40.908903],[-74.183321,40.909173],[-74.182843,40.909194],[-74.182214,40.909092],[-74.181311,40.908917],[-74.180024,40.908675],[-74.177922,40.908335],[-74.175882,40.907972],[-74.174936,40.907781],[-74.174295,40.90763],[-74.173669,40.907345],[-74.173282,40.907106],[-74.172866,40.90672],[-74.172451,40.906243],[-74.172124,40.905823],[-74.171828,40.905346],[-74.171398,40.904688],[-74.169986,40.902414],[-74.169309,40.901454],[-74.16902,40.900963],[-74.16891,40.900762],[-74.168876,40.900582],[-74.168897,40.900365],[-74.169002,40.900116],[-74.169298,40.899333],[-74.169562,40.898907],[-74.169684,40.898712],[-74.169713,40.89843],[-74.169699,40.898215],[-74.169505,40.89739],[-74.168829,40.895747],[-74.168122,40.894065],[-74.16799,40.893498],[-74.167965,40.892626],[-74.168016,40.891267],[-74.168074,40.888809],[-74.168019,40.888386],[-74.16743,40.886594],[-74.167003,40.885102],[-74.16687,40.884659],[-74.1668,40.883776],[-74.166816,40.882978],[-74.166824,40.882054],[-74.166871,40.88159],[-74.167069,40.880741],[-74.167401,40.879969],[-74.16792,40.878882],[-74.167897,40.878875],[-74.167751,40.878831],[-74.167367,40.879548],[-74.16705,40.880238],[-74.166859,40.88075],[-74.16673,40.881405],[-74.1666,40.882214],[-74.166578,40.883608],[-74.166637,40.884228],[-74.166682,40.884729],[-74.166896,40.885532],[-74.167242,40.886617],[-74.167644,40.887833],[-74.167855,40.888434],[-74.167909,40.888955],[-74.167877,40.889363],[-74.167893,40.890582],[-74.167859,40.891106],[-74.16784,40.891713],[-74.167788,40.892607],[-74.167796,40.893479],[-74.167925,40.894105],[-74.169106,40.896963],[-74.169329,40.8975],[-74.169462,40.898128],[-74.169504,40.898396],[-74.169465,40.898628],[-74.169337,40.898928],[-74.169123,40.899247],[-74.168781,40.900133],[-74.168686,40.900382],[-74.168642,40.900557],[-74.168676,40.900739],[-74.168804,40.900954],[-74.168979,40.901259],[-74.169521,40.902028],[-74.170152,40.903019],[-74.170835,40.904041],[-74.171144,40.904604],[-74.171453,40.905107],[-74.171762,40.905581],[-74.172184,40.906186],[-74.172715,40.906807],[-74.173055,40.907121],[-74.173305,40.9073],[-74.173587,40.907468],[-74.17401,40.907648],[-74.174418,40.907804],[-74.17528,40.907997],[-74.177546,40.908398],[-74.179918,40.90879],[-74.181279,40.909059],[-74.18261,40.909292]]]},"properties":{"OBJECTID":51,"NAME":"Morris Canal","TYPE":"Canal","PURPOSE":"Navigation","STATUS":"Inactive","CONDITION":"Dry","PUBLICLY_A":"Yes","ADDRESS":" ","MUN":"PATERSON CITY","COUNTY":"PASSAIC","COMMENTS":"Morris Canal accessible in some spots in Clifton.","GLOBALID":"{8EE98FCF-1CE1-42B7-AE66-524EED43DC14}","SHAPE_Length":75675.9854560922,"SHAPE_Area":2034662.085670044}},{"type":"Feature","geometry":{"type":"Polygon","coordinates":[[[-74.656091,40.880344],[-74.657646,40.881528],[-74.65785,40.881695],[-74.657992,40.881801],[-74.658093,40.881934],[-74.658207,40.882122],[-74.658239,40.882181],[-74.658479,40.882136],[-74.658435,40.882096],[-74.658368,40.881984],[-74.658294,40.881877],[-74.658226,40.881775],[-74.658132,40.881694],[-74.658058,40.881648],[-74.657944,40.881572],[-74.657823,40.881491],[-74.657763,40.881439],[-74.656195,40.880256],[-74.656091,40.880344]]]},"properties":{"OBJECTID":52,"NAME":"Morris Canal","TYPE":"Canal","PURPOSE":"Navigation","STATUS":"Inactive","CONDITION":"Dry","PUBLICLY_A":"Yes","ADDRESS":" ","MUN":"ROXBURY TWP","COUNTY":"MORRIS","COMMENTS":"Towpath is accessible in Morris Canal Park.","GLOBALID":"{84AD7784-2BE8-4D5C-9E60-80721AB21FDE}","SHAPE_Length":1951.1432743657156,"SHAPE_Area":44203.8263454962}},{"type":"Feature","geometry":{"type":"Polygon","coordinates":[[[-74.26525,40.915396],[-74.266278,40.91549],[-74.26672,40.915488],[-74.267423,40.915396],[-74.268451,40.915219],[-74.270058,40.914953],[-74.270007,40.914835],[-74.269999,40.914837],[-74.267955,40.9152],[-74.266649,40.91539],[-74.266005,40.915364],[-74.265217,40.915288],[-74.264439,40.915145],[-74.263742,40.914951],[-74.262992,40.91468],[-74.261954,40.914209],[-74.261252,40.913854],[-74.26028,40.913185],[-74.25946,40.912546],[-74.258616,40.911643],[-74.257375,40.909971],[-74.257197,40.909552],[-74.256263,40.907358],[-74.255923,40.906635],[-74.255545,40.906022],[-74.25492,40.905259],[-74.254469,40.904785],[-74.253887,40.904256],[-74.252575,40.903232],[-74.252023,40.902896],[-74.251068,40.902391],[-74.247795,40.900673],[-74.241288,40.897699],[-74.240003,40.897101],[-74.239745,40.896888],[-74.239565,40.896671],[-74.239513,40.896448],[-74.239493,40.895966],[-74.239673,40.895324],[-74.239747,40.894984],[-74.239682,40.89461],[-74.239543,40.894312],[-74.23901,40.893906],[-74.238337,40.893523],[-74.237442,40.893095],[-74.236642,40.892745],[-74.236227,40.892528],[-74.23579,40.892261],[-74.235275,40.891712],[-74.234956,40.89128],[-74.234646,40.89078],[-74.234304,40.88992],[-74.234251,40.889752],[-74.23429,40.88936],[-74.234397,40.889024],[-74.234498,40.888779],[-74.234667,40.888433],[-74.234835,40.888095],[-74.234903,40.887834],[-74.234958,40.887336],[-74.234874,40.886785],[-74.234676,40.886295],[-74.234509,40.885925],[-74.234419,40.885765],[-74.234345,40.885643],[-74.234111,40.885338],[-74.233778,40.885042],[-74.23346,40.884867],[-74.232998,40.884702],[-74.232349,40.884493],[-74.232051,40.88434],[-74.231878,40.884236],[-74.231811,40.884044],[-74.231672,40.883762],[-74.231423,40.883285],[-74.231344,40.883184],[-74.231124,40.883223],[-74.231204,40.883343],[-74.231433,40.883721],[-74.23167,40.884203],[-74.231771,40.884347],[-74.231901,40.884447],[-74.23211,40.884555],[-74.232512,40.884675],[-74.233044,40.884863],[-74.233288,40.884966],[-74.233466,40.885067],[-74.233772,40.885253],[-74.234017,40.885515],[-74.234255,40.885866],[-74.234599,40.886728],[-74.234738,40.887264],[-74.234624,40.887977],[-74.234321,40.888627],[-74.234209,40.888812],[-74.234001,40.889441],[-74.234007,40.889785],[-74.234158,40.890154],[-74.234407,40.890774],[-74.234594,40.891084],[-74.235094,40.891752],[-74.235554,40.892244],[-74.235717,40.892399],[-74.235921,40.892527],[-74.236427,40.892796],[-74.237035,40.893067],[-74.238292,40.89367],[-74.238803,40.893986],[-74.239323,40.894359],[-74.239466,40.894649],[-74.239512,40.894852],[-74.239473,40.895175],[-74.239327,40.895712],[-74.239247,40.896117],[-74.239323,40.896667],[-74.239426,40.896865],[-74.23972,40.897124],[-74.240566,40.897579],[-74.243011,40.89868],[-74.247575,40.900767],[-74.248249,40.901126],[-74.249719,40.90184],[-74.252038,40.903108],[-74.252731,40.903554],[-74.253983,40.904606],[-74.254359,40.904964],[-74.254953,40.90562],[-74.255406,40.906181],[-74.255819,40.906831],[-74.256264,40.907803],[-74.257133,40.909886],[-74.25807,40.911198],[-74.258667,40.911919],[-74.259371,40.912671],[-74.259776,40.912984],[-74.26021,40.913324],[-74.260855,40.913772],[-74.261443,40.914103],[-74.26237,40.91456],[-74.263592,40.915018],[-74.264056,40.915159],[-74.264627,40.915297],[-74.26525,40.915396]]]},"properties":{"OBJECTID":53,"NAME":"Morris Canal","TYPE":"Canal","PURPOSE":"Navigation","STATUS":"Inactive","CONDITION":"Dry","PUBLICLY_A":"Yes","ADDRESS":" ","MUN":"WAYNE TWP","COUNTY":"PASSAIC","COMMENTS":" ","GLOBALID":"{03587511-A056-4C8A-AF73-7F4D06788E29}","SHAPE_Length":35272.35315617246,"SHAPE_Area":963492.6054947731}},{"type":"Feature","geometry":{"type":"Polygon","coordinates":[[[-74.774829,40.906625],[-74.773638,40.907406],[-74.772937,40.908007],[-74.772409,40.908944],[-74.771888,40.909518],[-74.771766,40.909651],[-74.771662,40.90972],[-74.771195,40.909893],[-74.770632,40.910321],[-74.769944,40.910957],[-74.769678,40.911219],[-74.76936,40.91147],[-74.768773,40.911928],[-74.768459,40.912168],[-74.768129,40.912343],[-74.767679,40.912523],[-74.766425,40.91283],[-74.764508,40.913348],[-74.764599,40.913504],[-74.766707,40.912906],[-74.76749,40.912711],[-74.76795,40.912581],[-74.768164,40.912478],[-74.768681,40.912213],[-74.769501,40.911547],[-74.769704,40.911412],[-74.770843,40.910395],[-74.771279,40.910071],[-74.771653,40.909902],[-74.771875,40.909799],[-74.772075,40.909615],[-74.772186,40.909488],[-74.77258,40.909068],[-74.773142,40.90809],[-74.774032,40.907387],[-74.774847,40.906813],[-74.775271,40.906596],[-74.77581,40.906486],[-74.7766,40.906484],[-74.77714,40.906546],[-74.777653,40.906629],[-74.778111,40.906764],[-74.778527,40.906826],[-74.778763,40.906836],[-74.779067,40.906815],[-74.779178,40.906772],[-74.779344,40.906709],[-74.779495,40.906514],[-74.779682,40.906132],[-74.780089,40.904686],[-74.780333,40.90407],[-74.780552,40.903878],[-74.780759,40.903709],[-74.781202,40.903603],[-74.781765,40.903612],[-74.782462,40.90373],[-74.782676,40.903746],[-74.782976,40.903697],[-74.783238,40.903587],[-74.784194,40.902995],[-74.785147,40.902247],[-74.786263,40.901142],[-74.786273,40.901129],[-74.78692,40.90045],[-74.78792,40.899488],[-74.788734,40.899069],[-74.789065,40.898779],[-74.789244,40.898505],[-74.789947,40.897652],[-74.790612,40.897121],[-74.790494,40.897054],[-74.789918,40.897494],[-74.78939,40.898096],[-74.789038,40.898517],[-74.788884,40.898737],[-74.788655,40.898974],[-74.787715,40.899429],[-74.787371,40.899764],[-74.786871,40.900265],[-74.786106,40.901107],[-74.786085,40.901129],[-74.785176,40.902021],[-74.784882,40.902288],[-74.783518,40.903242],[-74.782998,40.903506],[-74.782678,40.903593],[-74.782332,40.903547],[-74.781335,40.903424],[-74.780964,40.903481],[-74.78062,40.903594],[-74.78033,40.903815],[-74.780205,40.903931],[-74.779885,40.904582],[-74.779451,40.906097],[-74.77924,40.906497],[-74.779149,40.906552],[-74.77897,40.906605],[-74.778886,40.906626],[-74.77872,40.906626],[-74.778498,40.906585],[-74.778166,40.906543],[-74.777819,40.906471],[-74.776765,40.906315],[-74.776058,40.906307],[-74.775412,40.906393],[-74.775089,40.906477],[-74.774829,40.906625]]]},"properties":{"OBJECTID":54,"NAME":"Morris Canal","TYPE":"Canal","PURPOSE":"Navigation","STATUS":"Inactive","CONDITION":"Dry","PUBLICLY_A":"Yes","ADDRESS":"Located in Allamuchy State Park.","MUN":"BYRAM TWP","COUNTY":"SUSSEX","COMMENTS":"Starport level section is located .8 miles west of Waterloo Village, 2nd parking lot on Musconetcong River.","GLOBALID":"{DF55952B-A742-4579-AEC1-D9A75761CBF5}","SHAPE_Length":20446.23862626495,"SHAPE_Area":573735.8791279148}},{"type":"Feature","geometry":{"type":"Polygon","coordinates":[[[-74.426934,40.916412],[-74.427015,40.916506],[-74.427089,40.916659],[-74.427131,40.916851],[-74.427131,40.91702],[-74.427141,40.917173],[-74.427167,40.917443],[-74.427333,40.917409],[-74.427332,40.917044],[-74.4273,40.916779],[-74.427279,40.916603],[-74.427216,40.916442],[-74.427109,40.916322],[-74.426934,40.916412]]]},"properties":{"OBJECTID":55,"NAME":"Morris Canal","TYPE":"Canal","PURPOSE":"Navigation","STATUS":"Inactive","CONDITION":"Water","PUBLICLY_A":" ","ADDRESS":" ","MUN":"BOONTON TWP","COUNTY":"MORRIS","COMMENTS":"Canal crosses the river.","GLOBALID":"{2DC8C089-98BD-4653-AFB0-D71CAF7C357F}","SHAPE_Length":901.6791186994838,"SHAPE_Area":21243.484803812567}},{"type":"Feature","geometry":{"type":"Polygon","coordinates":[[[-74.755985,40.914015],[-74.755199,40.9142],[-74.755213,40.914312],[-74.75609,40.914175],[-74.756726,40.914078],[-74.757114,40.914013],[-74.758073,40.913962],[-74.758812,40.91406],[-74.758759,40.913867],[-74.758403,40.913795],[-74.757821,40.913772],[-74.757131,40.913833],[-74.756675,40.913894],[-74.755985,40.914015]]]},"properties":{"OBJECTID":56,"NAME":"Morris Canal","TYPE":"Canal","PURPOSE":"Navigation","STATUS":"Inactive","CONDITION":"Water","PUBLICLY_A":" ","ADDRESS":" ","MUN":"BYRAM TWP","COUNTY":"SUSSEX","COMMENTS":" ","GLOBALID":"{86A1C569-039D-4296-ACF5-A923489AD4D2}","SHAPE_Length":2128.6745574950196,"SHAPE_Area":64930.76848782793}},{"type":"Feature","geometry":{"type":"Polygon","coordinates":[[[-74.764494,40.913352],[-74.764165,40.913448],[-74.7636,40.91364],[-74.762941,40.913773],[-74.762298,40.913834],[-74.762209,40.913835],[-74.762268,40.913997],[-74.762471,40.914],[-74.763209,40.913903],[-74.763899,40.913711],[-74.764589,40.913507],[-74.764599,40.913504],[-74.764508,40.913348],[-74.764494,40.913352]]]},"properties":{"OBJECTID":57,"NAME":"Morris Canal","TYPE":"Canal","PURPOSE":"Navigation","STATUS":"Inactive","CONDITION":"Water","PUBLICLY_A":" ","ADDRESS":" ","MUN":"BYRAM TWP","COUNTY":"SUSSEX","COMMENTS":" ","GLOBALID":"{0FBB0427-8A46-4780-A677-52DF68A4C719}","SHAPE_Length":1462.1385255598113,"SHAPE_Area":40480.084323934636}},{"type":"Feature","geometry":{"type":"Polygon","coordinates":[[[-74.474136,40.902479],[-74.474673,40.902545],[-74.475934,40.902527],[-74.476298,40.902506],[-74.476591,40.902452],[-74.476487,40.902306],[-74.476106,40.902381],[-74.475363,40.902392],[-74.474612,40.902397],[-74.474135,40.902357],[-74.473031,40.902197],[-74.472964,40.902318],[-74.474136,40.902479]]]},"properties":{"OBJECTID":58,"NAME":"Morris Canal","TYPE":"Canal","PURPOSE":"Navigation","STATUS":"Inactive","CONDITION":"Water","PUBLICLY_A":" ","ADDRESS":" ","MUN":"DENVILLE TWP","COUNTY":"MORRIS","COMMENTS":" ","GLOBALID":"{D0D3D179-890D-4606-A224-2CCBD8F4A903}","SHAPE_Length":2086.0628978986265,"SHAPE_Area":49293.31485548315}},{"type":"Feature","geometry":{"type":"Polygon","coordinates":[[[-75.093384,40.712877],[-75.093558,40.712949],[-75.093862,40.713008],[-75.094082,40.713007],[-75.094387,40.712941],[-75.094571,40.712854],[-75.094683,40.712785],[-75.094762,40.712657],[-75.094856,40.712443],[-75.095159,40.711769],[-75.095351,40.711364],[-75.095396,40.711288],[-75.095537,40.711184],[-75.097212,40.710375],[-75.099305,40.70956],[-75.09922,40.709448],[-75.098748,40.709619],[-75.097141,40.710258],[-75.097103,40.710271],[-75.09531,40.711149],[-75.095155,40.711355],[-75.095094,40.711508],[-75.094756,40.712248],[-75.094628,40.712563],[-75.094563,40.712694],[-75.094435,40.712761],[-75.094232,40.712858],[-75.093953,40.712866],[-75.093666,40.712826],[-75.093163,40.712614],[-75.092715,40.712312],[-75.092628,40.71241],[-75.09307,40.712733],[-75.093384,40.712877]]]},"properties":{"OBJECTID":59,"NAME":"Morris Canal","TYPE":"Canal","PURPOSE":"Navigation","STATUS":"Inactive","CONDITION":"Water","PUBLICLY_A":" ","ADDRESS":" ","MUN":"FRANKLIN TWP","COUNTY":"WARREN","COMMENTS":" ","GLOBALID":"{B42A6693-9B0F-4BCB-9D90-3BD4A06F096D}","SHAPE_Length":5033.245993833562,"SHAPE_Area":119447.79170027057}},{"type":"Feature","geometry":{"type":"Polygon","coordinates":[[[-75.123406,40.693733],[-75.122788,40.694124],[-75.122437,40.694517],[-75.122289,40.694764],[-75.121975,40.695318],[-75.121574,40.69594],[-75.121211,40.696312],[-75.120942,40.696474],[-75.120579,40.696684],[-75.120334,40.696812],[-75.119306,40.697162],[-75.1188,40.697325],[-75.118473,40.697445],[-75.118266,40.69759],[-75.118049,40.697758],[-75.11778,40.698131],[-75.117574,40.698557],[-75.117246,40.699372],[-75.117105,40.699629],[-75.11691,40.699855],[-75.11668,40.700175],[-75.11638,40.700443],[-75.116097,40.700629],[-75.115907,40.700815],[-75.116047,40.700896],[-75.116244,40.70078],[-75.116497,40.700531],[-75.116752,40.700352],[-75.117029,40.700049],[-75.117167,40.699889],[-75.117386,40.699532],[-75.117478,40.699293],[-75.117662,40.698887],[-75.117908,40.698385],[-75.118257,40.697816],[-75.118697,40.697535],[-75.119005,40.697431],[-75.119738,40.697177],[-75.120612,40.69685],[-75.121198,40.696541],[-75.121423,40.696379],[-75.121706,40.696101],[-75.122169,40.695408],[-75.12257,40.694667],[-75.122941,40.69426],[-75.123377,40.693948],[-75.124219,40.693633],[-75.124714,40.693623],[-75.12518,40.693675],[-75.125599,40.69384],[-75.126353,40.694146],[-75.127043,40.694309],[-75.127703,40.694384],[-75.128321,40.694346],[-75.130264,40.69421],[-75.130987,40.694264],[-75.133152,40.694728],[-75.133559,40.69475],[-75.134264,40.694754],[-75.134256,40.694621],[-75.133557,40.694583],[-75.13305,40.694531],[-75.132522,40.694398],[-75.13155,40.694189],[-75.130948,40.69409],[-75.130494,40.694052],[-75.129858,40.694055],[-75.127919,40.694209],[-75.127427,40.694192],[-75.127073,40.694142],[-75.126477,40.694026],[-75.125647,40.693673],[-75.125133,40.693492],[-75.124651,40.693449],[-75.124243,40.693447],[-75.123406,40.693733]]]},"properties":{"OBJECTID":60,"NAME":"Morris Canal","TYPE":"Canal","PURPOSE":"Navigation","STATUS":"Inactive","CONDITION":"Water","PUBLICLY_A":" ","ADDRESS":" ","MUN":"GREENWICH TWP","COUNTY":"WARREN","COMMENTS":" ","GLOBALID":"{42169266-0C24-4248-85DE-18237A6E1EA1}","SHAPE_Length":13168.635882559884,"SHAPE_Area":394055.75344984524}},{"type":"Feature","geometry":{"type":"Polygon","coordinates":[[[-74.87401,40.825555],[-74.873171,40.826276],[-74.872636,40.826679],[-74.871698,40.827302],[-74.871124,40.827595],[-74.870874,40.827767],[-74.870353,40.827997],[-74.869915,40.828189],[-74.869383,40.828406],[-74.868961,40.82866],[-74.868685,40.828797],[-74.868351,40.828957],[-74.868038,40.829125],[-74.866975,40.8297],[-74.865566,40.830348],[-74.864909,40.83066],[-74.864325,40.830964],[-74.863886,40.831199],[-74.863712,40.831352],[-74.863354,40.831483],[-74.862157,40.832122],[-74.858746,40.833777],[-74.857251,40.834473],[-74.857061,40.834562],[-74.856895,40.83467],[-74.856608,40.83491],[-74.855769,40.835714],[-74.855329,40.836093],[-74.854762,40.836452],[-74.853832,40.836882],[-74.852993,40.83744],[-74.852644,40.83772],[-74.852455,40.838107],[-74.8522,40.838657],[-74.852061,40.839063],[-74.851884,40.839473],[-74.851688,40.839755],[-74.851096,40.84052],[-74.850022,40.841683],[-74.84939,40.842388],[-74.848705,40.843415],[-74.848321,40.843816],[-74.847904,40.844655],[-74.847462,40.845753],[-74.847244,40.84598],[-74.846915,40.846172],[-74.846149,40.846758],[-74.845233,40.847471],[-74.844809,40.848035],[-74.84461,40.848378],[-74.844426,40.849141],[-74.844271,40.849452],[-74.843991,40.849977],[-74.843745,40.850931],[-74.843361,40.85144],[-74.842866,40.85207],[-74.842466,40.852459],[-74.841872,40.852771],[-74.841521,40.853001],[-74.840997,40.853584],[-74.840435,40.854157],[-74.839885,40.855045],[-74.839191,40.856258],[-74.83895,40.856877],[-74.83911,40.856944],[-74.839109,40.856931],[-74.839566,40.855971],[-74.84025,40.854777],[-74.840717,40.854085],[-74.84131,40.853464],[-74.84181,40.853009],[-74.84228,40.85277],[-74.842811,40.852411],[-74.843092,40.852076],[-74.843934,40.851025],[-74.844027,40.850858],[-74.844088,40.850429],[-74.844236,40.849873],[-74.844491,40.849499],[-74.844583,40.849189],[-74.844861,40.84833],[-74.845453,40.847494],[-74.846328,40.846824],[-74.847047,40.846274],[-74.847329,40.846129],[-74.847579,40.845939],[-74.847703,40.845748],[-74.848168,40.844627],[-74.84851,40.843959],[-74.849003,40.84339],[-74.849662,40.842382],[-74.850317,40.841618],[-74.851097,40.840782],[-74.85144,40.840352],[-74.852095,40.839587],[-74.852312,40.839038],[-74.852528,40.838442],[-74.852807,40.837846],[-74.853172,40.837558],[-74.853901,40.837032],[-74.854959,40.836557],[-74.855362,40.836327],[-74.855663,40.836126],[-74.856846,40.83502],[-74.856998,40.834879],[-74.857147,40.834739],[-74.857295,40.834669],[-74.85745,40.834589],[-74.863417,40.831615],[-74.863888,40.83144],[-74.864144,40.831253],[-74.865818,40.830418],[-74.86732,40.829699],[-74.868479,40.829103],[-74.868894,40.828888],[-74.869269,40.828685],[-74.869675,40.828445],[-74.870949,40.8279],[-74.871918,40.827349],[-74.872981,40.826655],[-74.874264,40.825504],[-74.874251,40.825496],[-74.87425,40.825496],[-74.874246,40.825492],[-74.87415,40.825427],[-74.87401,40.825555]]]},"properties":{"OBJECTID":61,"NAME":"Morris Canal","TYPE":"Canal","PURPOSE":"Navigation","STATUS":"Inactive","CONDITION":"Water","PUBLICLY_A":" ","ADDRESS":" ","MUN":"INDEPENDENCE TWP","COUNTY":"WARREN","COMMENTS":" ","GLOBALID":"{5A1D88CF-E3D4-455D-8951-E2DC3822F269}","SHAPE_Length":31251.05927132397,"SHAPE_Area":886778.7232388097}},{"type":"Feature","geometry":{"type":"Polygon","coordinates":[[[-74.827541,40.868865],[-74.827822,40.868944],[-74.827939,40.868968],[-74.828049,40.868979],[-74.828149,40.868968],[-74.828311,40.868943],[-74.828443,40.868889],[-74.828639,40.868755],[-74.828968,40.868441],[-74.83106,40.866291],[-74.832621,40.864523],[-74.832605,40.864513],[-74.832619,40.864497],[-74.832478,40.864407],[-74.832447,40.864443],[-74.83245,40.864444],[-74.831417,40.865625],[-74.82981,40.867295],[-74.828842,40.868298],[-74.828613,40.868532],[-74.828463,40.868681],[-74.828332,40.868771],[-74.828183,40.868828],[-74.82807,40.86885],[-74.827953,40.868844],[-74.82785,40.868821],[-74.827666,40.868769],[-74.826959,40.868471],[-74.826202,40.868154],[-74.825916,40.867963],[-74.825836,40.868095],[-74.826142,40.868272],[-74.826897,40.86859],[-74.827541,40.868865]]]},"properties":{"OBJECTID":62,"NAME":"Morris Canal","TYPE":"Canal","PURPOSE":"Navigation","STATUS":"Inactive","CONDITION":"Water","PUBLICLY_A":" ","ADDRESS":" ","MUN":"INDEPENDENCE TWP","COUNTY":"WARREN","COMMENTS":" ","GLOBALID":"{3C51A541-F9A7-45E9-9B65-92F425A33C89}","SHAPE_Length":5621.923230916157,"SHAPE_Area":151361.3813560365}},{"type":"Feature","geometry":{"type":"Polygon","coordinates":[[[-74.945356,40.768024],[-74.944226,40.76854],[-74.943194,40.768997],[-74.942062,40.769729],[-74.941476,40.770026],[-74.941217,40.770092],[-74.940994,40.770194],[-74.940712,40.770334],[-74.940454,40.770592],[-74.93988,40.771244],[-74.939655,40.771513],[-74.9392,40.77178],[-74.938676,40.771981],[-74.937935,40.772186],[-74.937072,40.772345],[-74.93599,40.772449],[-74.935358,40.772506],[-74.934647,40.772595],[-74.933073,40.773075],[-74.932203,40.773312],[-74.931915,40.773454],[-74.931579,40.773719],[-74.931042,40.774181],[-74.930305,40.774647],[-74.9293,40.775086],[-74.928767,40.775408],[-74.928608,40.775546],[-74.928369,40.775928],[-74.927962,40.776663],[-74.927777,40.777141],[-74.92778,40.777665],[-74.927784,40.778213],[-74.927719,40.778464],[-74.927599,40.778666],[-74.927425,40.778799],[-74.927165,40.778911],[-74.926845,40.779135],[-74.926261,40.780196],[-74.926044,40.780697],[-74.925948,40.780829],[-74.925759,40.78093],[-74.925292,40.781132],[-74.924701,40.781393],[-74.924545,40.781537],[-74.924401,40.781855],[-74.924665,40.781817],[-74.924681,40.781776],[-74.924765,40.78156],[-74.925202,40.781368],[-74.925921,40.781031],[-74.926212,40.780861],[-74.926287,40.780743],[-74.926882,40.779408],[-74.927225,40.779073],[-74.927698,40.778814],[-74.927865,40.77866],[-74.927945,40.778492],[-74.928012,40.778062],[-74.927997,40.777283],[-74.92812,40.77683],[-74.928833,40.775635],[-74.929239,40.775348],[-74.930301,40.77482],[-74.931238,40.774268],[-74.931931,40.773655],[-74.932204,40.773478],[-74.932539,40.773377],[-74.933086,40.773211],[-74.934328,40.772856],[-74.934763,40.772721],[-74.935427,40.772632],[-74.93621,40.772558],[-74.937574,40.772417],[-74.937994,40.772337],[-74.938684,40.772143],[-74.939334,40.771895],[-74.939647,40.771692],[-74.939839,40.771567],[-74.939985,40.771417],[-74.940112,40.771213],[-74.940487,40.770831],[-74.940736,40.770579],[-74.940868,40.770439],[-74.94117,40.770283],[-74.941767,40.770075],[-74.942166,40.769883],[-74.94254,40.769619],[-74.943508,40.76902],[-74.945486,40.768132],[-74.945837,40.768051],[-74.946235,40.768021],[-74.947418,40.768002],[-74.949118,40.768038],[-74.949488,40.768016],[-74.94966,40.767985],[-74.949818,40.767924],[-74.94995,40.767853],[-74.950123,40.76765],[-74.950227,40.767445],[-74.950397,40.767182],[-74.950584,40.766908],[-74.950837,40.766597],[-74.951222,40.766274],[-74.952052,40.765681],[-74.952921,40.765085],[-74.953118,40.765015],[-74.95331,40.764978],[-74.953543,40.764966],[-74.953794,40.764988],[-74.954761,40.765328],[-74.955186,40.765531],[-74.955345,40.765622],[-74.955347,40.765447],[-74.955033,40.765284],[-74.954143,40.764953],[-74.95378,40.764861],[-74.953532,40.764831],[-74.953317,40.764844],[-74.953109,40.764874],[-74.952902,40.764931],[-74.952665,40.76502],[-74.952437,40.765197],[-74.950827,40.766351],[-74.950661,40.766519],[-74.950406,40.766815],[-74.950211,40.767156],[-74.950023,40.767491],[-74.949791,40.767773],[-74.949593,40.767875],[-74.949366,40.767924],[-74.94881,40.76793],[-74.947725,40.767901],[-74.946876,40.767893],[-74.946172,40.767884],[-74.945729,40.767928],[-74.945356,40.768024]]]},"properties":{"OBJECTID":63,"NAME":"Morris Canal","TYPE":"Canal","PURPOSE":"Navigation","STATUS":"Inactive","CONDITION":"Water","PUBLICLY_A":" ","ADDRESS":" ","MUN":"MANSFIELD TWP","COUNTY":"WARREN","COMMENTS":" ","GLOBALID":"{0D726DC9-BF3B-41DF-84EA-AFBC5B7EA382}","SHAPE_Length":23275.268013349934,"SHAPE_Area":634984.1757462942}},{"type":"Feature","geometry":{"type":"Polygon","coordinates":[[[-74.907745,40.796027],[-74.907365,40.796266],[-74.907077,40.796548],[-74.906236,40.797536],[-74.905257,40.798934],[-74.904426,40.80004],[-74.904123,40.800251],[-74.903595,40.800603],[-74.902815,40.801154],[-74.902216,40.801708],[-74.902165,40.801881],[-74.902108,40.802048],[-74.902036,40.802327],[-74.90194,40.802746],[-74.901836,40.803139],[-74.901639,40.803466],[-74.901393,40.803647],[-74.90117,40.803764],[-74.900828,40.803873],[-74.900417,40.803998],[-74.900027,40.804091],[-74.899559,40.804215],[-74.899351,40.804345],[-74.899232,40.804443],[-74.898948,40.804813],[-74.898638,40.805362],[-74.89856,40.805595],[-74.89851,40.805781],[-74.898492,40.805941],[-74.898486,40.806149],[-74.89846,40.806311],[-74.898436,40.806462],[-74.898337,40.806564],[-74.898161,40.806674],[-74.897707,40.806938],[-74.89655,40.807609],[-74.894769,40.808616],[-74.894461,40.808867],[-74.89427,40.809142],[-74.893923,40.809672],[-74.893587,40.810103],[-74.89376,40.810234],[-74.894111,40.809766],[-74.89449,40.809165],[-74.894738,40.808879],[-74.894922,40.808758],[-74.896708,40.807704],[-74.898316,40.806766],[-74.898482,40.806656],[-74.898592,40.806554],[-74.898635,40.806369],[-74.898666,40.806058],[-74.898734,40.805695],[-74.899013,40.805099],[-74.899479,40.804477],[-74.899823,40.804309],[-74.900245,40.804203],[-74.900553,40.804133],[-74.900924,40.804034],[-74.901206,40.803943],[-74.901465,40.803844],[-74.901747,40.803663],[-74.901912,40.803483],[-74.902043,40.803229],[-74.902257,40.802299],[-74.902327,40.802036],[-74.902384,40.801836],[-74.902535,40.801655],[-74.903003,40.801248],[-74.903784,40.800674],[-74.904269,40.800412],[-74.904565,40.800194],[-74.905498,40.798976],[-74.906648,40.797352],[-74.907421,40.796448],[-74.907936,40.796125],[-74.908489,40.795844],[-74.909147,40.795722],[-74.90963,40.795753],[-74.910115,40.795781],[-74.910508,40.795789],[-74.910808,40.795709],[-74.911013,40.795493],[-74.912208,40.793866],[-74.912563,40.793401],[-74.91272,40.793179],[-74.912828,40.792938],[-74.912899,40.792758],[-74.912932,40.792685],[-74.912997,40.79251],[-74.913176,40.792124],[-74.913407,40.79163],[-74.913817,40.790708],[-74.913973,40.790415],[-74.914157,40.79024],[-74.914567,40.79008],[-74.914849,40.790079],[-74.915222,40.789989],[-74.915788,40.789766],[-74.916141,40.789518],[-74.916505,40.789215],[-74.916796,40.788963],[-74.917065,40.788498],[-74.917332,40.787493],[-74.917462,40.786781],[-74.917622,40.786261],[-74.917839,40.785727],[-74.918078,40.784944],[-74.918448,40.783966],[-74.918566,40.783778],[-74.918768,40.783552],[-74.918982,40.783393],[-74.918927,40.783173],[-74.918782,40.78329],[-74.918477,40.783584],[-74.91829,40.783823],[-74.918043,40.784396],[-74.917852,40.784866],[-74.917735,40.785224],[-74.917637,40.78559],[-74.917508,40.785954],[-74.917394,40.786249],[-74.917283,40.786667],[-74.917122,40.787497],[-74.91706,40.787736],[-74.916845,40.788404],[-74.916619,40.788872],[-74.916119,40.789285],[-74.915637,40.789634],[-74.915361,40.789772],[-74.915077,40.789892],[-74.914874,40.789916],[-74.914451,40.789942],[-74.91421,40.790047],[-74.913958,40.790185],[-74.913743,40.790447],[-74.913487,40.790966],[-74.91316,40.791693],[-74.913012,40.792063],[-74.912914,40.792414],[-74.912767,40.792836],[-74.912667,40.793046],[-74.912512,40.793249],[-74.912272,40.793494],[-74.911278,40.794863],[-74.910895,40.79536],[-74.910739,40.795555],[-74.910519,40.79563],[-74.910241,40.795623],[-74.909905,40.795616],[-74.909466,40.795573],[-74.909038,40.795592],[-74.908391,40.795717],[-74.907745,40.796027]]]},"properties":{"OBJECTID":64,"NAME":"Morris Canal","TYPE":"Canal","PURPOSE":"Navigation","STATUS":"Inactive","CONDITION":"Water","PUBLICLY_A":" ","ADDRESS":" ","MUN":"MANSFIELD TWP","COUNTY":"WARREN","COMMENTS":" ","GLOBALID":"{9581C5D6-9AE9-4866-BEB3-80337D18CCFF}","SHAPE_Length":25858.245903056886,"SHAPE_Area":747900.5636796255}},{"type":"Feature","geometry":{"type":"Polygon","coordinates":[[[-74.892669,40.811282],[-74.892389,40.811436],[-74.889855,40.812691],[-74.890039,40.812859],[-74.892351,40.811667],[-74.89282,40.811451],[-74.892919,40.811346],[-74.892737,40.811195],[-74.892669,40.811282]]]},"properties":{"OBJECTID":65,"NAME":"Morris Canal","TYPE":"Canal","PURPOSE":"Navigation","STATUS":"Inactive","CONDITION":"Water","PUBLICLY_A":" ","ADDRESS":" ","MUN":"MANSFIELD TWP","COUNTY":"WARREN","COMMENTS":" ","GLOBALID":"{05D16FDE-86B3-4558-969D-E4CBF2A6E04F}","SHAPE_Length":2096.0815436812322,"SHAPE_Area":69200.80907039196}},{"type":"Feature","geometry":{"type":"Polygon","coordinates":[[[-74.882469,40.819384],[-74.882469,40.819384],[-74.882469,40.819384],[-74.882016,40.819755],[-74.881611,40.820138],[-74.881399,40.820594],[-74.881057,40.820996],[-74.88089,40.821125],[-74.880637,40.821278],[-74.878821,40.82218],[-74.878203,40.822451],[-74.87786,40.822559],[-74.877682,40.822609],[-74.877825,40.822764],[-74.878018,40.822705],[-74.878426,40.822568],[-74.879323,40.82213],[-74.880146,40.821715],[-74.880918,40.821339],[-74.88123,40.821147],[-74.881583,40.820746],[-74.881847,40.820256],[-74.882215,40.819857],[-74.882695,40.819487],[-74.882534,40.819346],[-74.882476,40.81938],[-74.882475,40.81938],[-74.882469,40.819384]]]},"properties":{"OBJECTID":66,"NAME":"Morris Canal","TYPE":"Canal","PURPOSE":"Navigation","STATUS":"Inactive","CONDITION":"Water","PUBLICLY_A":" ","ADDRESS":" ","MUN":"MANSFIELD TWP","COUNTY":"WARREN","COMMENTS":" ","GLOBALID":"{D2053B55-3BAC-4432-A3EA-D8FDCB198872}","SHAPE_Length":3832.0283842656236,"SHAPE_Area":121436.32866112654}},{"type":"Feature","geometry":{"type":"Polygon","coordinates":[[[-74.382389,40.913287],[-74.381928,40.913791],[-74.381313,40.914209],[-74.380779,40.914454],[-74.380984,40.914571],[-74.381328,40.914407],[-74.382081,40.913884],[-74.382675,40.913299],[-74.382475,40.913204],[-74.382389,40.913287]]]},"properties":{"OBJECTID":67,"NAME":"Morris Canal","TYPE":"Canal","PURPOSE":"Navigation","STATUS":"Inactive","CONDITION":"Water","PUBLICLY_A":" ","ADDRESS":" ","MUN":"MONTVILLE TWP","COUNTY":"MORRIS","COMMENTS":" ","GLOBALID":"{05EF3D96-0A38-4EB6-B88A-CEF8467BFA51}","SHAPE_Length":1462.1461349880508,"SHAPE_Area":39339.63438874683}},{"type":"Feature","geometry":{"type":"Polygon","coordinates":[[[-74.318676,40.927914],[-74.319252,40.927982],[-74.319833,40.928007],[-74.320159,40.928007],[-74.320498,40.927964],[-74.32075,40.927905],[-74.321059,40.927806],[-74.321432,40.927697],[-74.321342,40.927551],[-74.32064,40.927765],[-74.320297,40.927828],[-74.320036,40.927848],[-74.319284,40.927851],[-74.318676,40.927771],[-74.317281,40.927548],[-74.316688,40.927432],[-74.316386,40.92735],[-74.31585,40.927171],[-74.314783,40.926716],[-74.312901,40.925855],[-74.311928,40.925401],[-74.311583,40.925281],[-74.311327,40.925193],[-74.311092,40.92511],[-74.31083,40.925064],[-74.310567,40.924935],[-74.310516,40.924912],[-74.310425,40.925039],[-74.310762,40.925192],[-74.310946,40.925227],[-74.311206,40.925307],[-74.311484,40.925408],[-74.31186,40.925528],[-74.313303,40.926172],[-74.315774,40.927278],[-74.316708,40.927573],[-74.318676,40.927914]]]},"properties":{"OBJECTID":68,"NAME":"Morris Canal","TYPE":"Canal","PURPOSE":"Navigation","STATUS":"Inactive","CONDITION":"Water","PUBLICLY_A":" ","ADDRESS":" ","MUN":"MONTVILLE TWP","COUNTY":"MORRIS","COMMENTS":" ","GLOBALID":"{88561340-CF03-4E97-AF62-BD0EFF599F8A}","SHAPE_Length":6687.558946559314,"SHAPE_Area":155578.75934815168}},{"type":"Feature","geometry":{"type":"Polygon","coordinates":[[[-74.747487,40.913688],[-74.747787,40.913702],[-74.748186,40.913657],[-74.748665,40.913507],[-74.749056,40.91328],[-74.749542,40.913088],[-74.749731,40.913055],[-74.750013,40.913039],[-74.750789,40.913281],[-74.750897,40.913106],[-74.750107,40.91286],[-74.74984,40.912849],[-74.749636,40.912859],[-74.749447,40.912909],[-74.748946,40.913113],[-74.748491,40.913364],[-74.747942,40.913532],[-74.747329,40.913499],[-74.746631,40.913385],[-74.745742,40.913167],[-74.745215,40.913035],[-74.744525,40.912938],[-74.743871,40.912867],[-74.74326,40.912851],[-74.74191,40.912973],[-74.741328,40.912986],[-74.740975,40.912978],[-74.740699,40.912918],[-74.740401,40.912821],[-74.740212,40.912671],[-74.739829,40.912281],[-74.739616,40.91197],[-74.739364,40.912005],[-74.739551,40.912311],[-74.740009,40.912798],[-74.740147,40.912919],[-74.740292,40.913],[-74.740645,40.913112],[-74.740947,40.913143],[-74.741235,40.913165],[-74.741612,40.913152],[-74.742099,40.913127],[-74.742894,40.913038],[-74.743639,40.913],[-74.744213,40.913032],[-74.745157,40.913184],[-74.745651,40.913304],[-74.746387,40.913488],[-74.747487,40.913688]]]},"properties":{"OBJECTID":69,"NAME":"Morris Canal","TYPE":"Canal","PURPOSE":"Navigation","STATUS":"Inactive","CONDITION":"Water","PUBLICLY_A":" ","ADDRESS":" ","MUN":"MOUNT OLIVE TWP","COUNTY":"MORRIS","COMMENTS":" ","GLOBALID":"{18B328A3-3EC7-401E-AEB2-09F776A0F24D}","SHAPE_Length":7017.872800921642,"SHAPE_Area":214088.8866323939}},{"type":"Feature","geometry":{"type":"Polygon","coordinates":[[[-74.728623,40.910482],[-74.728634,40.910451],[-74.728742,40.910453],[-74.728945,40.910431],[-74.732252,40.90945],[-74.7336,40.909132],[-74.733717,40.9091],[-74.733967,40.909049],[-74.734251,40.909029],[-74.734535,40.909035],[-74.734869,40.909066],[-74.735561,40.909173],[-74.736305,40.909348],[-74.736581,40.909436],[-74.736832,40.90955],[-74.737373,40.90985],[-74.738275,40.91045],[-74.738526,40.91037],[-74.738191,40.910063],[-74.737215,40.909523],[-74.736824,40.909308],[-74.73663,40.909252],[-74.736323,40.909161],[-74.73556,40.909002],[-74.734799,40.908903],[-74.734467,40.908877],[-74.734151,40.908874],[-74.733691,40.908923],[-74.733013,40.909085],[-74.732099,40.909323],[-74.729836,40.910015],[-74.728836,40.910255],[-74.728463,40.9103],[-74.727893,40.910212],[-74.727492,40.910081],[-74.72695,40.909916],[-74.72624,40.909826],[-74.724151,40.909738],[-74.724158,40.909933],[-74.72533,40.909995],[-74.726335,40.910016],[-74.726912,40.91014],[-74.727486,40.910291],[-74.728016,40.910416],[-74.728254,40.910442],[-74.728253,40.910447],[-74.728623,40.910482]]]},"properties":{"OBJECTID":70,"NAME":"Morris Canal","TYPE":"Canal","PURPOSE":"Navigation","STATUS":"Inactive","CONDITION":"Water","PUBLICLY_A":" ","ADDRESS":" ","MUN":"MOUNT OLIVE TWP","COUNTY":"MORRIS","COMMENTS":" ","GLOBALID":"{3E047CAA-CFD3-465E-B632-29AE6F2AD6BE}","SHAPE_Length":8577.375781395076,"SHAPE_Area":274872.1344509554}},{"type":"Feature","geometry":{"type":"Polygon","coordinates":[[[-75.197087,40.683854],[-75.197857,40.68444],[-75.198003,40.684687],[-75.1983,40.684604],[-75.198169,40.684367],[-75.197625,40.683884],[-75.197385,40.683672],[-75.197087,40.683854]]]},"properties":{"OBJECTID":71,"NAME":"Morris Canal","TYPE":"Canal","PURPOSE":"Navigation","STATUS":"Inactive","CONDITION":"Water","PUBLICLY_A":" ","ADDRESS":" ","MUN":"PHILLIPSBURG TOWN","COUNTY":"WARREN","COMMENTS":" ","GLOBALID":"{25493FE9-680D-4C2B-A5C7-C2998D794721}","SHAPE_Length":1021.9289604284888,"SHAPE_Area":38363.26407827545}},{"type":"Feature","geometry":{"type":"Polygon","coordinates":[[[-74.639182,40.877514],[-74.639193,40.877514],[-74.642201,40.877598],[-74.642192,40.87749],[-74.639199,40.877405],[-74.639182,40.877514]]]},"properties":{"OBJECTID":72,"NAME":"Morris Canal","TYPE":"Canal","PURPOSE":"Navigation","STATUS":"Inactive","CONDITION":"Water","PUBLICLY_A":" ","ADDRESS":" ","MUN":"ROXBURY TWP","COUNTY":"MORRIS","COMMENTS":"This section of the Morris Canal is currently a pond site.","GLOBALID":"{98275087-73F7-4BB0-AE4E-E367A178A7A2}","SHAPE_Length":1743.0974336537886,"SHAPE_Area":32869.948347430756}},{"type":"Feature","geometry":{"type":"Polygon","coordinates":[[[-74.712382,40.904201],[-74.71278,40.904467],[-74.713322,40.905152],[-74.713686,40.905548],[-74.714479,40.906125],[-74.71482,40.906494],[-74.714986,40.906916],[-74.715059,40.907506],[-74.715076,40.908173],[-74.71514,40.908399],[-74.715251,40.908637],[-74.715471,40.908935],[-74.71577,40.909172],[-74.716022,40.909327],[-74.716242,40.90941],[-74.716516,40.909471],[-74.717012,40.909515],[-74.718205,40.909581],[-74.718237,40.909395],[-74.717473,40.909346],[-74.716856,40.909281],[-74.716536,40.909227],[-74.716093,40.909083],[-74.715876,40.908925],[-74.715656,40.908689],[-74.715554,40.908513],[-74.715437,40.908293],[-74.715382,40.908092],[-74.715373,40.907674],[-74.715359,40.907109],[-74.715265,40.906658],[-74.715102,40.906386],[-74.714582,40.905887],[-74.713862,40.905369],[-74.713018,40.904387],[-74.71297,40.904338],[-74.712551,40.90405],[-74.712382,40.904201]]]},"properties":{"OBJECTID":73,"NAME":"Morris Canal","TYPE":"Canal","PURPOSE":"Navigation","STATUS":"Inactive","CONDITION":"Water","PUBLICLY_A":" ","ADDRESS":" ","MUN":"STANHOPE BORO","COUNTY":"SUSSEX","COMMENTS":" ","GLOBALID":"{1E4DE237-899E-44A6-B6D2-40C3C9F120F5}","SHAPE_Length":5738.409412492765,"SHAPE_Area":231048.11286331504}},{"type":"Feature","geometry":{"type":"Polygon","coordinates":[[[-74.70493,40.902254],[-74.706259,40.902285],[-74.706257,40.902144],[-74.706255,40.902144],[-74.704905,40.90208],[-74.70493,40.902254]]]},"properties":{"OBJECTID":74,"NAME":"Morris Canal","TYPE":"Canal","PURPOSE":"Navigation","STATUS":"Inactive","CONDITION":"Water","PUBLICLY_A":" ","ADDRESS":" ","MUN":"STANHOPE BORO","COUNTY":"SUSSEX","COMMENTS":" ","GLOBALID":"{04E214DD-4F8C-4524-8D9C-6635A82B16EE}","SHAPE_Length":857.164012565364,"SHAPE_Area":21214.440714236807}},{"type":"Feature","geometry":{"type":"Polygon","coordinates":[[[-75.007224,40.760698],[-75.006491,40.76088],[-75.006348,40.760948],[-75.006449,40.761074],[-75.007256,40.760841],[-75.009101,40.760527],[-75.010249,40.760512],[-75.011965,40.760725],[-75.012214,40.760745],[-75.012677,40.760703],[-75.012904,40.760666],[-75.013161,40.760624],[-75.013521,40.760485],[-75.015368,40.759787],[-75.015896,40.75964],[-75.016678,40.759446],[-75.017424,40.759133],[-75.017895,40.758875],[-75.019144,40.758148],[-75.020361,40.757476],[-75.021141,40.757139],[-75.021891,40.756849],[-75.022285,40.756705],[-75.022439,40.75664],[-75.022624,40.756514],[-75.023357,40.75589],[-75.023667,40.755507],[-75.023885,40.755315],[-75.024352,40.755027],[-75.025382,40.754498],[-75.025819,40.754264],[-75.026193,40.753994],[-75.026878,40.753419],[-75.028124,40.752484],[-75.028373,40.752303],[-75.028755,40.752045],[-75.029496,40.751644],[-75.029506,40.751636],[-75.030431,40.75102],[-75.031085,40.750493],[-75.031365,40.750248],[-75.0315,40.750075],[-75.031637,40.749954],[-75.031898,40.749753],[-75.032151,40.749516],[-75.032337,40.749405],[-75.032544,40.749309],[-75.03286,40.749174],[-75.033252,40.749084],[-75.033458,40.749033],[-75.033619,40.748968],[-75.033799,40.748893],[-75.033908,40.748809],[-75.034005,40.748713],[-75.0341,40.74861],[-75.034146,40.748518],[-75.034264,40.748376],[-75.034374,40.74826],[-75.034539,40.748133],[-75.034841,40.747932],[-75.03553,40.74756],[-75.036667,40.747179],[-75.037451,40.746962],[-75.03795,40.746864],[-75.038223,40.746797],[-75.038447,40.746689],[-75.039135,40.746357],[-75.03976,40.74614],[-75.040545,40.745872],[-75.041041,40.745729],[-75.041478,40.745536],[-75.041688,40.745378],[-75.041875,40.745166],[-75.042362,40.744595],[-75.042691,40.744268],[-75.042823,40.744146],[-75.043076,40.744024],[-75.043338,40.74396],[-75.043794,40.743863],[-75.044346,40.743745],[-75.044635,40.743659],[-75.044884,40.743553],[-75.04505,40.743502],[-75.04518,40.743413],[-75.045281,40.74329],[-75.045337,40.743175],[-75.045367,40.743095],[-75.045408,40.742977],[-75.045459,40.742903],[-75.045654,40.742729],[-75.046521,40.741901],[-75.046854,40.741644],[-75.047013,40.741555],[-75.04726,40.741493],[-75.047917,40.741368],[-75.048266,40.741281],[-75.048648,40.741142],[-75.049432,40.7407],[-75.049894,40.740302],[-75.050172,40.7398],[-75.050668,40.73913],[-75.050915,40.738724],[-75.051257,40.738413],[-75.05185,40.7381],[-75.053818,40.737471],[-75.054476,40.737342],[-75.054959,40.737293],[-75.055304,40.737262],[-75.055546,40.737253],[-75.055821,40.7372],[-75.056131,40.737119],[-75.056439,40.736951],[-75.057109,40.736601],[-75.057568,40.736309],[-75.058033,40.735831],[-75.058375,40.735424],[-75.058498,40.735161],[-75.058657,40.734759],[-75.0588,40.734577],[-75.058987,40.734432],[-75.059288,40.734254],[-75.059872,40.734051],[-75.061343,40.733576],[-75.061968,40.733381],[-75.062226,40.733253],[-75.062396,40.733069],[-75.062519,40.732955],[-75.062674,40.732663],[-75.06286,40.732352],[-75.063045,40.731994],[-75.063182,40.731666],[-75.063334,40.731461],[-75.063473,40.73135],[-75.064273,40.731041],[-75.064789,40.730818],[-75.065006,40.730626],[-75.065191,40.73022],[-75.065279,40.730022],[-75.065439,40.729885],[-75.066281,40.7295],[-75.067748,40.728849],[-75.067904,40.728825],[-75.068185,40.728752],[-75.068715,40.728416],[-75.069898,40.727623],[-75.070706,40.727052],[-75.071012,40.726784],[-75.071611,40.7264],[-75.073075,40.725535],[-75.073892,40.724877],[-75.074042,40.724752],[-75.074279,40.724656],[-75.074593,40.724626],[-75.074872,40.724561],[-75.075041,40.724519],[-75.07519,40.724432],[-75.076215,40.723744],[-75.076847,40.72339],[-75.077149,40.723257],[-75.077511,40.723102],[-75.077766,40.722862],[-75.07893,40.720859],[-75.079245,40.720445],[-75.079779,40.719938],[-75.080602,40.719375],[-75.081041,40.719134],[-75.081459,40.719026],[-75.081634,40.718992],[-75.081956,40.719014],[-75.08227,40.71906],[-75.082631,40.719189],[-75.083743,40.719703],[-75.0853,40.720493],[-75.085487,40.720587],[-75.085643,40.720649],[-75.085799,40.720688],[-75.085964,40.72071],[-75.086088,40.720694],[-75.086213,40.720685],[-75.086409,40.720614],[-75.086718,40.720455],[-75.086933,40.720209],[-75.087121,40.71996],[-75.087274,40.71953],[-75.087496,40.718664],[-75.087606,40.718146],[-75.087728,40.717741],[-75.087969,40.717232],[-75.088284,40.716856],[-75.088594,40.716569],[-75.088843,40.716353],[-75.08913,40.716197],[-75.089498,40.716013],[-75.08979,40.715823],[-75.089973,40.715635],[-75.090072,40.715464],[-75.090201,40.715258],[-75.090272,40.715083],[-75.090322,40.714887],[-75.090311,40.714623],[-75.090233,40.714249],[-75.090165,40.713582],[-75.090204,40.713311],[-75.090289,40.713054],[-75.090459,40.712686],[-75.090594,40.712555],[-75.090687,40.71246],[-75.090952,40.712336],[-75.090862,40.712207],[-75.090709,40.712269],[-75.090491,40.712401],[-75.09039,40.712503],[-75.090266,40.712665],[-75.090086,40.713033],[-75.089976,40.713512],[-75.090013,40.714004],[-75.090109,40.714393],[-75.090136,40.714812],[-75.090084,40.715076],[-75.089978,40.715306],[-75.089833,40.715559],[-75.089627,40.71576],[-75.089458,40.715866],[-75.089251,40.715967],[-75.08902,40.716103],[-75.088851,40.716186],[-75.08872,40.716269],[-75.088406,40.716546],[-75.087979,40.716977],[-75.087724,40.717383],[-75.087536,40.717806],[-75.087321,40.71878],[-75.087056,40.719674],[-75.086893,40.719997],[-75.086798,40.720131],[-75.086623,40.720337],[-75.086387,40.72048],[-75.086118,40.72056],[-75.085922,40.720561],[-75.085766,40.720546],[-75.08559,40.720484],[-75.08534,40.720351],[-75.084553,40.719949],[-75.082893,40.719148],[-75.082469,40.718993],[-75.082206,40.718905],[-75.081971,40.718878],[-75.081763,40.718867],[-75.08156,40.718851],[-75.081292,40.718923],[-75.080903,40.719062],[-75.080446,40.719274],[-75.079613,40.719853],[-75.079141,40.72032],[-75.078791,40.720759],[-75.0787,40.720912],[-75.078592,40.721104],[-75.077987,40.722175],[-75.077569,40.722823],[-75.077394,40.722982],[-75.077126,40.723108],[-75.076916,40.723213],[-75.076675,40.723298],[-75.075754,40.72383],[-75.075101,40.724309],[-75.074927,40.724405],[-75.074778,40.724452],[-75.074551,40.724476],[-75.074344,40.724509],[-75.074117,40.724549],[-75.073878,40.724689],[-75.073634,40.724912],[-75.072981,40.72544],[-75.072046,40.725969],[-75.071204,40.726473],[-75.070867,40.726691],[-75.07052,40.72699],[-75.070336,40.727132],[-75.06999,40.727385],[-75.068807,40.728177],[-75.068122,40.728609],[-75.067934,40.728658],[-75.067684,40.72873],[-75.066356,40.729326],[-75.065662,40.729629],[-75.0653,40.7298],[-75.065075,40.729951],[-75.065,40.730208],[-75.064849,40.730484],[-75.064787,40.730603],[-75.064681,40.730694],[-75.064319,40.730844],[-75.063378,40.731208],[-75.063232,40.731293],[-75.063089,40.731409],[-75.063012,40.731562],[-75.062887,40.731828],[-75.062686,40.732276],[-75.062362,40.732831],[-75.062049,40.733152],[-75.061884,40.733239],[-75.061667,40.733311],[-75.06116,40.733469],[-75.05976,40.733914],[-75.059365,40.734047],[-75.059086,40.734151],[-75.058849,40.734286],[-75.058582,40.734531],[-75.05844,40.734792],[-75.05838,40.734965],[-75.058176,40.735366],[-75.057813,40.735826],[-75.057404,40.736225],[-75.057265,40.736315],[-75.057083,40.736437],[-75.05607,40.736984],[-75.055736,40.737075],[-75.055444,40.737106],[-75.054568,40.737182],[-75.053911,40.737304],[-75.052817,40.737619],[-75.051785,40.737964],[-75.051288,40.738189],[-75.051173,40.738275],[-75.051026,40.738366],[-75.050726,40.73863],[-75.050076,40.739586],[-75.049723,40.740207],[-75.049581,40.740327],[-75.049258,40.740621],[-75.048397,40.741095],[-75.047881,40.741247],[-75.047106,40.741395],[-75.046983,40.741445],[-75.046845,40.741504],[-75.046754,40.741558],[-75.046523,40.741747],[-75.04565,40.742548],[-75.045387,40.742805],[-75.045298,40.742908],[-75.045246,40.743022],[-75.045217,40.743147],[-75.045165,40.743222],[-75.045121,40.743313],[-75.045034,40.743391],[-75.044823,40.743457],[-75.044358,40.743598],[-75.043489,40.743738],[-75.043185,40.743803],[-75.042992,40.743846],[-75.04284,40.74392],[-75.042634,40.744037],[-75.042478,40.744134],[-75.042314,40.744317],[-75.041867,40.744913],[-75.041655,40.745192],[-75.041469,40.745375],[-75.041222,40.745505],[-75.040947,40.745611],[-75.040285,40.745804],[-75.03954,40.746049],[-75.039005,40.746281],[-75.038353,40.746584],[-75.038166,40.746671],[-75.037932,40.746735],[-75.03726,40.74689],[-75.03584,40.747285],[-75.035032,40.747615],[-75.034468,40.747933],[-75.034221,40.748134],[-75.034014,40.74839],[-75.033948,40.748514],[-75.033866,40.748619],[-75.033756,40.748694],[-75.033604,40.748778],[-75.033425,40.748874],[-75.033233,40.748963],[-75.032859,40.749043],[-75.032432,40.749173],[-75.032226,40.749258],[-75.032019,40.749416],[-75.031731,40.749649],[-75.03135,40.749976],[-75.031145,40.750207],[-75.030197,40.751013],[-75.029316,40.751569],[-75.029307,40.751573],[-75.028371,40.752096],[-75.027312,40.752869],[-75.026191,40.753756],[-75.02563,40.754164],[-75.024226,40.754861],[-75.023605,40.755294],[-75.023074,40.755867],[-75.022576,40.756298],[-75.022263,40.75653],[-75.022015,40.75661],[-75.020756,40.757086],[-75.020556,40.757183],[-75.020327,40.757288],[-75.018737,40.758174],[-75.017398,40.758968],[-75.01643,40.759353],[-75.01523,40.75966],[-75.01471,40.759861],[-75.01377,40.760222],[-75.013107,40.760475],[-75.01277,40.760536],[-75.012171,40.760598],[-75.011452,40.760527],[-75.010925,40.760435],[-75.010621,40.760394],[-75.010344,40.760385],[-75.00986,40.760366],[-75.009072,40.760391],[-75.008202,40.76051],[-75.007224,40.760698]]]},"properties":{"OBJECTID":75,"NAME":"Morris Canal","TYPE":"Canal","PURPOSE":"Navigation","STATUS":"Inactive","CONDITION":"Water","PUBLICLY_A":" ","ADDRESS":" ","MUN":"WASHINGTON TWP","COUNTY":"WARREN","COMMENTS":" ","GLOBALID":"{AB584EC4-95BC-451D-B719-421ACA167739}","SHAPE_Length":64171.31869016872,"SHAPE_Area":1693729.9592866062}},{"type":"Feature","geometry":{"type":"Polygon","coordinates":[[[-74.958163,40.76845],[-74.958446,40.768509],[-74.958768,40.768507],[-74.959257,40.768463],[-74.959795,40.768388],[-74.960287,40.768279],[-74.961021,40.768093],[-74.961047,40.768079],[-74.961824,40.767801],[-74.962569,40.767515],[-74.963793,40.766772],[-74.964046,40.766646],[-74.963908,40.766524],[-74.962608,40.767231],[-74.962016,40.767538],[-74.961033,40.767902],[-74.960553,40.768027],[-74.960181,40.768135],[-74.959104,40.768359],[-74.958579,40.768365],[-74.958343,40.76833],[-74.958113,40.768259],[-74.957667,40.767964],[-74.957316,40.767539],[-74.957174,40.767263],[-74.956905,40.766819],[-74.956745,40.76644],[-74.956698,40.766375],[-74.956635,40.766306],[-74.956501,40.766199],[-74.956262,40.766233],[-74.956456,40.766361],[-74.956499,40.766399],[-74.956539,40.766453],[-74.956611,40.766594],[-74.956973,40.767371],[-74.957289,40.76783],[-74.957494,40.768031],[-74.957731,40.768226],[-74.958163,40.76845]]]},"properties":{"OBJECTID":76,"NAME":"Morris Canal","TYPE":"Canal","PURPOSE":"Navigation","STATUS":"Inactive","CONDITION":"Water","PUBLICLY_A":" ","ADDRESS":" ","MUN":"WASHINGTON TWP","COUNTY":"WARREN","COMMENTS":" ","GLOBALID":"{04D88640-7A7E-43B2-9D02-528846B8132E}","SHAPE_Length":5600.263305206378,"SHAPE_Area":161959.10755369085}},{"type":"Feature","geometry":{"type":"Polygon","coordinates":[[[-74.80782,40.8838],[-74.807494,40.884043],[-74.807279,40.88428],[-74.80714,40.884444],[-74.807014,40.88454],[-74.806898,40.884622],[-74.80665,40.884752],[-74.805929,40.88504],[-74.805231,40.885292],[-74.804878,40.885432],[-74.804579,40.885597],[-74.804459,40.885662],[-74.804523,40.885824],[-74.804626,40.885753],[-74.804864,40.885605],[-74.805198,40.88545],[-74.805763,40.885228],[-74.806452,40.884977],[-74.806899,40.884785],[-74.807092,40.88468],[-74.807238,40.884569],[-74.807412,40.884398],[-74.807507,40.88427],[-74.807665,40.884098],[-74.80809,40.883772],[-74.808228,40.88368],[-74.808339,40.883613],[-74.808224,40.883524],[-74.80782,40.8838]]]},"properties":{"OBJECTID":77,"NAME":"Morris Canal","TYPE":"Canal","PURPOSE":"Navigation","STATUS":"Inactive","CONDITION":"Water","PUBLICLY_A":"Yes","ADDRESS":" ","MUN":"ALLAMUCHY TWP","COUNTY":"WARREN","COMMENTS":"A half mile section between Allwood and Van Houten Ave. in Clifton along Garden State Parkway is accessible.","GLOBALID":"{2163B8B0-B59A-4BBF-8940-11EBD2C29756}","SHAPE_Length":2777.3645056067153,"SHAPE_Area":63005.34964823478}},{"type":"Feature","geometry":{"type":"Polygon","coordinates":[[[-74.418722,40.909746],[-74.418688,40.910005],[-74.418725,40.910246],[-74.418834,40.910607],[-74.419004,40.910959],[-74.419199,40.911209],[-74.419565,40.911524],[-74.419821,40.911691],[-74.419853,40.911706],[-74.419956,40.911633],[-74.419724,40.911496],[-74.419358,40.911172],[-74.419126,40.910876],[-74.418968,40.910561],[-74.418835,40.910042],[-74.418869,40.909746],[-74.418722,40.909746]]]},"properties":{"OBJECTID":78,"NAME":"Morris Canal","TYPE":"Canal","PURPOSE":"Navigation","STATUS":"Inactive","CONDITION":"Water","PUBLICLY_A":"Yes","ADDRESS":" ","MUN":"BOONTON TOWN","COUNTY":"MORRIS","COMMENTS":"North Main St. between Rockaway River and the road is accessible from Boonton Public Works yard.","GLOBALID":"{D2B4A365-F924-4196-AFCE-D802BDCB42CF}","SHAPE_Length":1682.6061390166878,"SHAPE_Area":33127.36346165247}},{"type":"Feature","geometry":{"type":"Polygon","coordinates":[[[-74.42405,40.912919],[-74.425919,40.915193],[-74.426034,40.915133],[-74.424165,40.912878],[-74.42405,40.912919]]]},"properties":{"OBJECTID":79,"NAME":"Morris Canal","TYPE":"Canal","PURPOSE":"Navigation","STATUS":"Inactive","CONDITION":"Water","PUBLICLY_A":"Yes","ADDRESS":" ","MUN":"BOONTON TWP","COUNTY":"MORRIS","COMMENTS":"North Main St. between Rockaway River and the road is accessible from Boonton Public Works yard.","GLOBALID":"{11C16CA6-C84E-42DD-9EF5-3D22F71766E8}","SHAPE_Length":2020.5362749138158,"SHAPE_Area":35657.881347836315}},{"type":"Feature","geometry":{"type":"Polygon","coordinates":[[[-74.819894,40.864475],[-74.820114,40.864642],[-74.820221,40.864741],[-74.820397,40.864823],[-74.820774,40.864917],[-74.821167,40.865011],[-74.821465,40.865058],[-74.821779,40.865128],[-74.822063,40.86528],[-74.822362,40.865627],[-74.82282,40.865992],[-74.824157,40.866694],[-74.824203,40.866734],[-74.824307,40.866624],[-74.824204,40.866536],[-74.823228,40.866015],[-74.822692,40.865662],[-74.822392,40.865305],[-74.82203,40.865018],[-74.821402,40.864876],[-74.820805,40.864735],[-74.820427,40.864644],[-74.819893,40.864309],[-74.819516,40.864214],[-74.819107,40.864218],[-74.818715,40.864363],[-74.818371,40.864661],[-74.81817,40.864957],[-74.81798,40.865315],[-74.818173,40.865386],[-74.818327,40.865126],[-74.818576,40.864717],[-74.818733,40.864598],[-74.818983,40.86443],[-74.819265,40.864358],[-74.819548,40.864357],[-74.819894,40.864475]]]},"properties":{"OBJECTID":80,"NAME":"Morris Canal","TYPE":"Canal","PURPOSE":"Navigation","STATUS":"Inactive","CONDITION":"Water","PUBLICLY_A":"Yes","ADDRESS":" ","MUN":"INDEPENDENCE TWP","COUNTY":"WARREN","COMMENTS":"A half mile section between Allwood and Van Houten Ave. in Clifton along Garden State Parkway is accessible.","GLOBALID":"{28299570-FB98-4F01-B902-CDBBA5FC5A9A}","SHAPE_Length":4556.967218054854,"SHAPE_Area":133249.12061009312}},{"type":"Feature","geometry":{"type":"Polygon","coordinates":[[[-74.817423,40.866365],[-74.817126,40.866833],[-74.816986,40.86706],[-74.81683,40.867263],[-74.816363,40.867916],[-74.816067,40.868456],[-74.815944,40.868945],[-74.815932,40.869705],[-74.816094,40.870753],[-74.816284,40.871616],[-74.816384,40.872229],[-74.816368,40.872424],[-74.816182,40.872804],[-74.816012,40.873231],[-74.81606,40.873627],[-74.816152,40.873919],[-74.816397,40.874315],[-74.816615,40.87473],[-74.816679,40.875079],[-74.816485,40.875749],[-74.816345,40.875932],[-74.816147,40.876165],[-74.816323,40.876217],[-74.816589,40.875949],[-74.816674,40.875731],[-74.816714,40.875636],[-74.816899,40.875138],[-74.816867,40.87473],[-74.81674,40.874444],[-74.816557,40.874193],[-74.816329,40.873826],[-74.8162,40.873278],[-74.816387,40.872896],[-74.816604,40.872371],[-74.81657,40.871776],[-74.816474,40.871466],[-74.816313,40.870585],[-74.816153,40.869871],[-74.816179,40.868751],[-74.816427,40.868178],[-74.816801,40.867629],[-74.816947,40.867422],[-74.817067,40.867238],[-74.817286,40.866886],[-74.817625,40.866382],[-74.818093,40.86552],[-74.818173,40.865386],[-74.81798,40.865315],[-74.817423,40.866365]]]},"properties":{"OBJECTID":81,"NAME":"Morris Canal","TYPE":"Canal","PURPOSE":"Navigation","STATUS":"Inactive","CONDITION":"Water","PUBLICLY_A":"Yes","ADDRESS":" ","MUN":"INDEPENDENCE TWP","COUNTY":"WARREN","COMMENTS":"A half mile section between Allwood and Van Houten Ave. in Clifton along Garden State Parkway is accessible.","GLOBALID":"{6D863000-60CB-4B84-9783-45A1393D465D}","SHAPE_Length":8442.494634529752,"SHAPE_Area":245469.96044943537}},{"type":"Feature","geometry":{"type":"Polygon","coordinates":[[[-74.327609,40.926062],[-74.326484,40.926168],[-74.325435,40.926209],[-74.324833,40.926406],[-74.324377,40.926584],[-74.323726,40.926791],[-74.322858,40.927047],[-74.322944,40.927217],[-74.323821,40.926928],[-74.324284,40.926775],[-74.324625,40.926635],[-74.324966,40.926495],[-74.325466,40.926352],[-74.326471,40.926296],[-74.327298,40.926248],[-74.327893,40.926161],[-74.32845,40.926005],[-74.328889,40.925986],[-74.329239,40.925985],[-74.329636,40.926076],[-74.330453,40.926175],[-74.330979,40.926184],[-74.331291,40.926184],[-74.331526,40.926176],[-74.331712,40.926165],[-74.331975,40.92613],[-74.332298,40.9261],[-74.333291,40.925897],[-74.333959,40.925747],[-74.334498,40.925594],[-74.335195,40.925325],[-74.336171,40.924763],[-74.336419,40.924658],[-74.336697,40.924658],[-74.338177,40.924816],[-74.338352,40.924801],[-74.338538,40.924802],[-74.338861,40.924715],[-74.339101,40.924601],[-74.339329,40.92439],[-74.339481,40.924075],[-74.339469,40.923807],[-74.339447,40.923651],[-74.339369,40.923473],[-74.339323,40.923246],[-74.339359,40.92306],[-74.339409,40.922902],[-74.339548,40.922773],[-74.339832,40.922608],[-74.340364,40.922437],[-74.340941,40.922364],[-74.341173,40.922388],[-74.341937,40.922563],[-74.342349,40.922614],[-74.342785,40.922564],[-74.343258,40.922405],[-74.34376,40.922089],[-74.344232,40.921679],[-74.3447,40.921277],[-74.345302,40.920852],[-74.345509,40.920656],[-74.346938,40.919496],[-74.347505,40.918925],[-74.349002,40.917451],[-74.348833,40.917339],[-74.346845,40.919329],[-74.345375,40.92056],[-74.345082,40.920804],[-74.344192,40.921455],[-74.34354,40.922017],[-74.343145,40.922271],[-74.342785,40.922397],[-74.342387,40.922451],[-74.341968,40.92242],[-74.341421,40.922294],[-74.341178,40.922259],[-74.340843,40.922228],[-74.340519,40.922258],[-74.340123,40.922332],[-74.339734,40.922492],[-74.339487,40.922609],[-74.339239,40.922796],[-74.339145,40.923042],[-74.339114,40.923336],[-74.33918,40.923553],[-74.339201,40.923679],[-74.339279,40.924027],[-74.339152,40.924304],[-74.338963,40.924524],[-74.338697,40.924638],[-74.338379,40.924671],[-74.338208,40.92467],[-74.337879,40.924654],[-74.33656,40.924509],[-74.336309,40.924533],[-74.335837,40.924794],[-74.334901,40.925313],[-74.334127,40.925581],[-74.333059,40.925815],[-74.332548,40.925943],[-74.332176,40.926001],[-74.331889,40.926039],[-74.331527,40.926059],[-74.331151,40.926094],[-74.330356,40.926069],[-74.329733,40.92597],[-74.329272,40.925871],[-74.328777,40.925822],[-74.328269,40.925887],[-74.327609,40.926062]]]},"properties":{"OBJECTID":82,"NAME":"Morris Canal","TYPE":"Canal","PURPOSE":"Navigation","STATUS":"Inactive","CONDITION":"Water","PUBLICLY_A":"Yes","ADDRESS":" ","MUN":"MONTVILLE TWP","COUNTY":"MORRIS","COMMENTS":"Main St. (Route 202) Towaco to change Bridge Rd. is accessible.","GLOBALID":"{23396DE1-8228-4E54-826A-C94C9DDEC5E1}","SHAPE_Length":17954.639745002652,"SHAPE_Area":462963.6963086566}},{"type":"Feature","geometry":{"type":"Polygon","coordinates":[[[-74.37264,40.92042],[-74.372847,40.920451],[-74.373065,40.920471],[-74.373303,40.920465],[-74.373608,40.920402],[-74.373888,40.920289],[-74.374097,40.920164],[-74.374356,40.91987],[-74.374782,40.919037],[-74.3749,40.918782],[-74.375112,40.918585],[-74.377078,40.917276],[-74.378584,40.916235],[-74.378584,40.916235],[-74.379081,40.915795],[-74.379312,40.915627],[-74.379192,40.915542],[-74.378803,40.915837],[-74.378598,40.916041],[-74.378357,40.916223],[-74.377456,40.916788],[-74.375036,40.918414],[-74.374832,40.918573],[-74.374717,40.91877],[-74.374329,40.919503],[-74.374068,40.919935],[-74.373953,40.920072],[-74.373746,40.920189],[-74.373526,40.920289],[-74.373203,40.920339],[-74.372863,40.920318],[-74.372633,40.920238],[-74.372285,40.920137],[-74.371781,40.919954],[-74.37154,40.919855],[-74.371393,40.919759],[-74.37125,40.919672],[-74.37107,40.919508],[-74.370947,40.919345],[-74.370815,40.919169],[-74.370719,40.918977],[-74.370499,40.918596],[-74.370138,40.918235],[-74.369898,40.917872],[-74.369744,40.917577],[-74.36968,40.917224],[-74.36968,40.916979],[-74.369642,40.916597],[-74.369565,40.916312],[-74.369495,40.916133],[-74.369398,40.915979],[-74.369283,40.91588],[-74.369062,40.915733],[-74.368753,40.915517],[-74.368469,40.91535],[-74.36741,40.914918],[-74.366867,40.91478],[-74.366402,40.91473],[-74.365587,40.914778],[-74.364967,40.914836],[-74.363648,40.91507],[-74.362717,40.915304],[-74.362192,40.915456],[-74.361898,40.915488],[-74.361906,40.915646],[-74.362087,40.915655],[-74.362413,40.915544],[-74.362833,40.915422],[-74.363686,40.915227],[-74.365031,40.914993],[-74.366039,40.914926],[-74.366427,40.914907],[-74.366918,40.914976],[-74.367352,40.915053],[-74.368223,40.915419],[-74.368442,40.915556],[-74.368726,40.915713],[-74.36892,40.915851],[-74.369088,40.915987],[-74.369217,40.916126],[-74.369298,40.916294],[-74.369397,40.916646],[-74.369435,40.916881],[-74.369458,40.917303],[-74.369498,40.917499],[-74.369601,40.917803],[-74.36973,40.917989],[-74.369988,40.918323],[-74.370212,40.918555],[-74.370431,40.918842],[-74.370627,40.919212],[-74.370718,40.919382],[-74.370872,40.919564],[-74.371072,40.919752],[-74.371227,40.919872],[-74.371392,40.91996],[-74.371814,40.92013],[-74.372326,40.920306],[-74.37264,40.92042]]]},"properties":{"OBJECTID":83,"NAME":"Morris Canal","TYPE":"Canal","PURPOSE":"Navigation","STATUS":"Inactive","CONDITION":"Water","PUBLICLY_A":"Yes","ADDRESS":" ","MUN":"MONTVILLE TWP","COUNTY":"MORRIS","COMMENTS":"Main St. (Route 202) Towaco to change Bridge Rd. is accessible.","GLOBALID":"{E5D06587-7047-4F7E-851B-4F01C9F39950}","SHAPE_Length":13702.05869514702,"SHAPE_Area":391378.671243415}},{"type":"Feature","geometry":{"type":"Polygon","coordinates":[[[-74.361906,40.915646],[-74.361898,40.915488],[-74.361848,40.915494],[-74.361428,40.915464],[-74.357856,40.915292],[-74.357875,40.915451],[-74.361906,40.915646]]]},"properties":{"OBJECTID":84,"NAME":"Morris Canal","TYPE":"Canal","PURPOSE":"Navigation","STATUS":"Inactive","CONDITION":"Water","PUBLICLY_A":"Yes","ADDRESS":" ","MUN":"MONTVILLE TWP","COUNTY":"MORRIS","COMMENTS":"Main St. (Route 202) Towaco to change Bridge Rd. is accessible.","GLOBALID":"{0F4F92C0-31FC-44A6-A8F8-45D5AC80983A}","SHAPE_Length":2352.0443500268143,"SHAPE_Area":64479.91255598096}},{"type":"Feature","geometry":{"type":"Polygon","coordinates":[[[-74.353272,40.915414],[-74.352381,40.915595],[-74.350841,40.916022],[-74.350557,40.916116],[-74.350316,40.916209],[-74.350097,40.916318],[-74.349994,40.916377],[-74.350148,40.916501],[-74.350202,40.916466],[-74.350335,40.916406],[-74.35048,40.916328],[-74.351041,40.916126],[-74.352426,40.915753],[-74.352475,40.915738],[-74.353418,40.915549],[-74.354316,40.915431],[-74.355377,40.915369],[-74.357031,40.915411],[-74.357427,40.91543],[-74.357408,40.91527],[-74.355335,40.91517],[-74.35411,40.915288],[-74.353272,40.915414]]]},"properties":{"OBJECTID":85,"NAME":"Morris Canal","TYPE":"Canal","PURPOSE":"Navigation","STATUS":"Inactive","CONDITION":"Water","PUBLICLY_A":"Yes","ADDRESS":" ","MUN":"MONTVILLE TWP","COUNTY":"MORRIS","COMMENTS":"Main St. (Route 202) Towaco to change Bridge Rd. is accessible.","GLOBALID":"{B11B5539-8EBB-4827-A99C-4439F490A9E5}","SHAPE_Length":4334.875088290206,"SHAPE_Area":127547.17535543418}},{"type":"Feature","geometry":{"type":"Polygon","coordinates":[[[-74.594887,40.90143],[-74.594642,40.901532],[-74.594455,40.901625],[-74.594232,40.901746],[-74.594,40.901876],[-74.593524,40.902151],[-74.59321,40.902293],[-74.592743,40.902452],[-74.592163,40.902602],[-74.591797,40.902681],[-74.591077,40.902764],[-74.590993,40.902764],[-74.591006,40.902879],[-74.591153,40.902878],[-74.59181,40.902807],[-74.592736,40.90258],[-74.593282,40.902397],[-74.593613,40.902243],[-74.594289,40.901882],[-74.594713,40.901637],[-74.595338,40.901403],[-74.595892,40.901226],[-74.595858,40.901174],[-74.595827,40.901128],[-74.594887,40.90143]]]},"properties":{"OBJECTID":86,"NAME":"Morris Canal","TYPE":"Canal","PURPOSE":"Navigation","STATUS":"Inactive","CONDITION":"Water","PUBLICLY_A":"Yes","ADDRESS":" ","MUN":"WHARTON BORO","COUNTY":"MORRIS","COMMENTS":"Restored in 1976, Hugh Force County Park, West Central Ave. .5 miles west of Main Street.","GLOBALID":"{2DABCD1E-3931-42E5-AB92-EBA319944689}","SHAPE_Length":3065.5942561939423,"SHAPE_Area":65151.575641419695}},{"type":"Feature","geometry":{"type":"Polygon","coordinates":[[[-74.696491,40.905341],[-74.697021,40.905325],[-74.69757,40.90522],[-74.701079,40.90341],[-74.701631,40.90316],[-74.702533,40.902774],[-74.702834,40.902622],[-74.703739,40.902348],[-74.704177,40.902259],[-74.704147,40.902088],[-74.703766,40.902158],[-74.702695,40.90249],[-74.702219,40.902707],[-74.701547,40.902997],[-74.701055,40.903202],[-74.700329,40.903526],[-74.698255,40.904652],[-74.697331,40.905084],[-74.696804,40.905161],[-74.696372,40.905162],[-74.69272,40.904632],[-74.688521,40.90392],[-74.688485,40.904087],[-74.694507,40.905091],[-74.696491,40.905341]]]},"properties":{"OBJECTID":87,"NAME":"Morris Canal","TYPE":"Canal","PURPOSE":"Navigation","STATUS":"Inactive","CONDITION":"Water","PUBLICLY_A":"Yes","ADDRESS":"Route 183 at the Netcong-Stanhope boundary.","MUN":"ROXBURY TWP","COUNTY":"MORRIS","COMMENTS":"Section of morris canal went through Lake Musconetcong, remnants of towpath remain.","GLOBALID":"{0C8EC60C-92C2-44F2-951E-163F29705E39}","SHAPE_Length":9491.757705693657,"SHAPE_Area":304818.21967022074}},{"type":"Feature","geometry":{"type":"Polygon","coordinates":[[[-74.753743,40.914251],[-74.753922,40.914307],[-74.754108,40.914348],[-74.754277,40.914378],[-74.754352,40.914391],[-74.75447,40.914409],[-74.754524,40.914396],[-74.754575,40.914385],[-74.754565,40.914322],[-74.754402,40.914312],[-74.754257,40.914294],[-74.754031,40.914248],[-74.753782,40.914176],[-74.753743,40.914251]]]},"properties":{"OBJECTID":88,"NAME":"Morris Canal","TYPE":"Canal","PURPOSE":"Navigation","STATUS":"Inactive","CONDITION":"Water","PUBLICLY_A":"Yes","ADDRESS":"Waterloo village.","MUN":"MOUNT OLIVE TWP","COUNTY":"MORRIS","COMMENTS":"Mule bridge across Musconetcong River, visible during times of low water.","GLOBALID":"{987358DC-8885-4719-B272-F510EB5E9E3F}","SHAPE_Length":516.5452361179423,"SHAPE_Area":6905.637229800155}},{"type":"Feature","geometry":{"type":"Polygon","coordinates":[[[-74.799515,40.888365],[-74.799848,40.888353],[-74.80018,40.888321],[-74.800567,40.888225],[-74.801245,40.887929],[-74.801687,40.887676],[-74.802032,40.887433],[-74.802627,40.887147],[-74.803263,40.886862],[-74.803856,40.886461],[-74.804132,40.886187],[-74.804518,40.885828],[-74.804461,40.88566],[-74.804076,40.885998],[-74.803717,40.886346],[-74.803248,40.886673],[-74.802598,40.886948],[-74.802018,40.887233],[-74.801506,40.88756],[-74.800954,40.887856],[-74.800525,40.888068],[-74.799958,40.888206],[-74.799418,40.888228],[-74.799085,40.888208],[-74.798753,40.888209],[-74.798268,40.888189],[-74.797727,40.888169],[-74.79773,40.888227],[-74.797746,40.888298],[-74.797806,40.888299],[-74.798144,40.888305],[-74.798462,40.888315],[-74.798823,40.888345],[-74.79903,40.888355],[-74.799321,40.888344],[-74.799515,40.888365]]]},"properties":{"OBJECTID":89,"NAME":"Morris Canal","TYPE":"Canal","PURPOSE":"Navigation","STATUS":"Inactive","CONDITION":"Dry","PUBLICLY_A":" ","ADDRESS":" ","MUN":"ALLAMUCHY TWP","COUNTY":"WARREN","COMMENTS":" ","GLOBALID":"{02AA54C3-DABC-498B-AE46-B84B30B551CD}","SHAPE_Length":4503.051715398026,"SHAPE_Area":123907.62597292518}},{"type":"Feature","geometry":{"type":"Polygon","coordinates":[[[-74.797125,40.888321],[-74.795755,40.889492],[-74.79543,40.889837],[-74.795015,40.890322],[-74.794378,40.891086],[-74.794003,40.891516],[-74.79382,40.891816],[-74.79368,40.892136],[-74.793456,40.892661],[-74.793201,40.893387],[-74.793078,40.893742],[-74.792972,40.893996],[-74.792842,40.894356],[-74.792651,40.894902],[-74.792508,40.895138],[-74.792282,40.895438],[-74.792154,40.895587],[-74.792036,40.895676],[-74.790826,40.896717],[-74.79094,40.896782],[-74.792112,40.895768],[-74.792303,40.895637],[-74.792471,40.895437],[-74.792644,40.895172],[-74.79278,40.894942],[-74.792915,40.894585],[-74.793036,40.894254],[-74.793451,40.893168],[-74.793607,40.892746],[-74.793847,40.892176],[-74.793932,40.891991],[-74.794165,40.891586],[-74.794447,40.891257],[-74.794729,40.890923],[-74.795179,40.890417],[-74.795602,40.889902],[-74.795851,40.889612],[-74.795973,40.889501],[-74.79717,40.888368],[-74.797174,40.888316],[-74.797179,40.888299],[-74.797125,40.888321]]]},"properties":{"OBJECTID":90,"NAME":"Morris Canal","TYPE":"Canal","PURPOSE":"Navigation","STATUS":"Inactive","CONDITION":"Dry","PUBLICLY_A":" ","ADDRESS":" ","MUN":"ALLAMUCHY TWP","COUNTY":"WARREN","COMMENTS":" ","GLOBALID":"{C47687C9-CC43-444F-A97C-C721A84F3531}","SHAPE_Length":7231.465865582527,"SHAPE_Area":157917.0267116761}},{"type":"Feature","geometry":{"type":"Polygon","coordinates":[[[-74.097716,40.680861],[-74.09793,40.681257],[-74.098362,40.682698],[-74.098914,40.684119],[-74.09987,40.686541],[-74.100209,40.687224],[-74.100832,40.688426],[-74.101326,40.689547],[-74.101648,40.690324],[-74.101695,40.690668],[-74.101317,40.691168],[-74.100981,40.691448],[-74.10081,40.691703],[-74.100762,40.691906],[-74.100837,40.692359],[-74.101035,40.692926],[-74.10119,40.693224],[-74.101409,40.693576],[-74.101984,40.694257],[-74.102358,40.694652],[-74.102575,40.695366],[-74.102523,40.695748],[-74.102363,40.695981],[-74.101356,40.69693],[-74.101162,40.697435],[-74.101036,40.697758],[-74.100799,40.698467],[-74.100146,40.700298],[-74.099369,40.702789],[-74.099155,40.703607],[-74.09912,40.704238],[-74.099268,40.705632],[-74.09936,40.706484],[-74.099363,40.708937],[-74.099234,40.709651],[-74.098598,40.710711],[-74.097115,40.713004],[-74.095882,40.714953],[-74.094903,40.716493],[-74.094075,40.717838],[-74.093062,40.719538],[-74.092052,40.721162],[-74.091953,40.721336],[-74.091606,40.722035],[-74.091417,40.722636],[-74.091494,40.722886],[-74.091684,40.723028],[-74.092557,40.723651],[-74.093524,40.724297],[-74.094866,40.725112],[-74.095964,40.725755],[-74.09606,40.725613],[-74.095096,40.72505],[-74.093525,40.724107],[-74.091745,40.722863],[-74.091652,40.722613],[-74.092037,40.7216],[-74.095054,40.716593],[-74.096165,40.714835],[-74.097429,40.712909],[-74.098138,40.711793],[-74.098757,40.710841],[-74.099305,40.710029],[-74.09951,40.709708],[-74.099549,40.709295],[-74.099643,40.708362],[-74.099657,40.706497],[-74.09951,40.705387],[-74.099387,40.704191],[-74.099414,40.703787],[-74.099518,40.703227],[-74.10106,40.698342],[-74.101284,40.697686],[-74.101381,40.697467],[-74.101543,40.69705],[-74.10197,40.696604],[-74.102631,40.696023],[-74.102742,40.695821],[-74.102826,40.695343],[-74.102714,40.694921],[-74.102593,40.694605],[-74.102269,40.694197],[-74.101709,40.693623],[-74.101337,40.69305],[-74.101072,40.692324],[-74.101009,40.691985],[-74.101075,40.691776],[-74.101391,40.691384],[-74.101756,40.69105],[-74.101956,40.690761],[-74.101973,40.690475],[-74.101917,40.690288],[-74.100443,40.687158],[-74.098644,40.682723],[-74.098164,40.681317],[-74.098029,40.68091],[-74.097855,40.680673],[-74.097603,40.680583],[-74.097405,40.680574],[-74.096932,40.680705],[-74.095735,40.681601],[-74.095484,40.681847],[-74.09533,40.68202],[-74.095327,40.682592],[-74.095012,40.682925],[-74.094603,40.683257],[-74.093911,40.683803],[-74.093156,40.684324],[-74.092335,40.685073],[-74.091154,40.686356],[-74.090449,40.68724],[-74.088505,40.688743],[-74.086845,40.690485],[-74.084415,40.692942],[-74.082519,40.694841],[-74.080886,40.696446],[-74.079484,40.697799],[-74.079461,40.697831],[-74.076028,40.70018],[-74.075615,40.700668],[-74.073532,40.703745],[-74.070025,40.708617],[-74.067714,40.712516],[-74.066481,40.714346],[-74.06607,40.714845],[-74.065441,40.715343],[-74.065095,40.715532],[-74.064655,40.715697],[-74.064185,40.715743],[-74.063653,40.715741],[-74.063118,40.715705],[-74.062589,40.715666],[-74.061426,40.71555],[-74.061019,40.715537],[-74.058905,40.715481],[-74.056421,40.715452],[-74.051894,40.715439],[-74.049667,40.715469],[-74.04712,40.715487],[-74.045374,40.715513],[-74.044263,40.715508],[-74.043415,40.715459],[-74.042811,40.715272],[-74.04259,40.715041],[-74.042366,40.714634],[-74.041996,40.713703],[-74.041756,40.713209],[-74.041469,40.712915],[-74.041063,40.71277],[-74.04025,40.712624],[-74.039027,40.712455],[-74.038526,40.712405],[-74.038513,40.712512],[-74.03993,40.712698],[-74.040928,40.712884],[-74.041343,40.713034],[-74.041572,40.713347],[-74.041738,40.713723],[-74.041929,40.714323],[-74.042306,40.715095],[-74.042501,40.715385],[-74.042683,40.715504],[-74.042922,40.715558],[-74.043427,40.715667],[-74.04406,40.715723],[-74.04509,40.715727],[-74.047695,40.715706],[-74.051859,40.715648],[-74.051879,40.715649],[-74.061054,40.715708],[-74.061957,40.715755],[-74.064216,40.71591],[-74.06463,40.715869],[-74.064875,40.715794],[-74.065053,40.715743],[-74.065499,40.715547],[-74.066063,40.715127],[-74.066271,40.714931],[-74.066984,40.714038],[-74.068629,40.711471],[-74.0704,40.708618],[-74.073244,40.704578],[-74.074098,40.703366],[-74.075299,40.701488],[-74.076196,40.700313],[-74.07692,40.699803],[-74.079611,40.697905],[-74.081568,40.696138],[-74.08708,40.690665],[-74.088711,40.688856],[-74.090569,40.687319],[-74.090625,40.687288],[-74.092116,40.68556],[-74.093281,40.684444],[-74.094929,40.683272],[-74.095577,40.682665],[-74.095579,40.682307],[-74.095559,40.682137],[-74.095625,40.681999],[-74.096084,40.68157],[-74.096744,40.681072],[-74.097197,40.680825],[-74.097497,40.680765],[-74.097716,40.680861]]]},"properties":{"OBJECTID":91,"NAME":"Morris Canal","TYPE":"Canal","PURPOSE":"Navigation","STATUS":"Inactive","CONDITION":"Dry","PUBLICLY_A":" ","ADDRESS":" ","MUN":"BAYONNE CITY","COUNTY":"HUDSON","COMMENTS":" ","GLOBALID":"{8C7B9614-E9A7-4131-BD10-A1A395A48D33}","SHAPE_Length":83850.65075129866,"SHAPE_Area":2892728.1617080225}},{"type":"Feature","geometry":{"type":"Polygon","coordinates":[[[-74.178965,40.792687],[-74.179431,40.79278],[-74.179748,40.792745],[-74.180018,40.792697],[-74.180462,40.792566],[-74.181208,40.792279],[-74.181954,40.79204],[-74.182585,40.791833],[-74.183108,40.791742],[-74.183631,40.791652],[-74.183993,40.791588],[-74.184507,40.791507],[-74.184919,40.791457],[-74.185522,40.791389],[-74.185916,40.791436],[-74.186314,40.791422],[-74.18665,40.791313],[-74.187219,40.791018],[-74.188067,40.790615],[-74.188606,40.790365],[-74.188915,40.79026],[-74.189174,40.790221],[-74.189528,40.790261],[-74.189751,40.790331],[-74.189984,40.790425],[-74.190181,40.790567],[-74.190542,40.791027],[-74.191184,40.792486],[-74.191338,40.792459],[-74.191328,40.792427],[-74.190762,40.79098],[-74.190431,40.790493],[-74.190126,40.790286],[-74.189725,40.790112],[-74.189346,40.790062],[-74.188971,40.79009],[-74.188666,40.790174],[-74.18844,40.790288],[-74.18781,40.790566],[-74.186762,40.791076],[-74.186395,40.79124],[-74.186087,40.791295],[-74.185402,40.79126],[-74.184859,40.791319],[-74.184489,40.791381],[-74.184137,40.791419],[-74.183592,40.791499],[-74.183066,40.791598],[-74.18278,40.791645],[-74.18246,40.791713],[-74.181376,40.79206],[-74.180481,40.79241],[-74.179924,40.792564],[-74.179432,40.792611],[-74.179115,40.792574],[-74.178786,40.792439],[-74.177653,40.791742],[-74.176747,40.791013],[-74.176415,40.790628],[-74.17631,40.790315],[-74.176279,40.790077],[-74.176391,40.789731],[-74.176708,40.789065],[-74.176635,40.787814],[-74.176139,40.786593],[-74.175795,40.786122],[-74.175479,40.785895],[-74.175204,40.785774],[-74.174976,40.785681],[-74.174548,40.785526],[-74.174077,40.785293],[-74.173804,40.785017],[-74.173732,40.784784],[-74.173783,40.784541],[-74.173887,40.78425],[-74.174037,40.783899],[-74.174656,40.782739],[-74.17486,40.782209],[-74.174909,40.781876],[-74.174797,40.781466],[-74.174541,40.780498],[-74.174497,40.780192],[-74.174545,40.779831],[-74.17472,40.779251],[-74.174987,40.778671],[-74.175823,40.777601],[-74.175835,40.777581],[-74.17733,40.775517],[-74.177867,40.774684],[-74.178184,40.773946],[-74.178309,40.773526],[-74.178313,40.77316],[-74.178282,40.772921],[-74.178245,40.77264],[-74.177966,40.771853],[-74.177766,40.771209],[-74.177418,40.770418],[-74.177318,40.769772],[-74.17736,40.769345],[-74.177519,40.768869],[-74.17793,40.768132],[-74.178466,40.767418],[-74.1792,40.766487],[-74.17923,40.766459],[-74.182226,40.762667],[-74.183225,40.761832],[-74.18395,40.761095],[-74.184675,40.760049],[-74.185277,40.758764],[-74.185633,40.757875],[-74.185777,40.757303],[-74.185788,40.756668],[-74.185687,40.755983],[-74.185585,40.755695],[-74.185413,40.755376],[-74.185169,40.754927],[-74.184792,40.754118],[-74.184644,40.753824],[-74.184549,40.753543],[-74.184195,40.752764],[-74.184115,40.752072],[-74.184159,40.75181],[-74.184304,40.751475],[-74.184847,40.750884],[-74.184554,40.750732],[-74.184223,40.751081],[-74.184035,40.751368],[-74.183924,40.751547],[-74.183806,40.751976],[-74.183804,40.752401],[-74.184007,40.753093],[-74.18415,40.753439],[-74.184507,40.754178],[-74.185314,40.755705],[-74.185446,40.756072],[-74.185544,40.756874],[-74.185478,40.757481],[-74.185097,40.758528],[-74.184432,40.760016],[-74.183699,40.761071],[-74.182825,40.76193],[-74.182054,40.762547],[-74.18166,40.763011],[-74.180635,40.764283],[-74.179037,40.766371],[-74.179004,40.766408],[-74.178128,40.767504],[-74.177671,40.768123],[-74.177323,40.768729],[-74.177116,40.76942],[-74.177129,40.770087],[-74.177252,40.770576],[-74.177609,40.771315],[-74.177963,40.772472],[-74.178072,40.772794],[-74.178094,40.773207],[-74.178078,40.773492],[-74.177964,40.774041],[-74.177269,40.775302],[-74.176298,40.776625],[-74.175635,40.777529],[-74.174815,40.778539],[-74.174578,40.779075],[-74.174398,40.779549],[-74.174322,40.779956],[-74.174307,40.78038],[-74.174414,40.780832],[-74.17463,40.781595],[-74.174662,40.781701],[-74.174693,40.781886],[-74.174667,40.7821],[-74.174625,40.782256],[-74.174426,40.782749],[-74.174176,40.783236],[-74.173643,40.784267],[-74.173531,40.784755],[-74.173558,40.784926],[-74.173686,40.785148],[-74.173904,40.78534],[-74.174266,40.785579],[-74.174954,40.785837],[-74.175168,40.78592],[-74.175423,40.786053],[-74.17566,40.786233],[-74.175951,40.786668],[-74.176356,40.787723],[-74.17649,40.789044],[-74.17649,40.789044],[-74.176191,40.789687],[-74.176044,40.790183],[-74.176152,40.790481],[-74.176323,40.790803],[-74.176572,40.791102],[-74.177215,40.791634],[-74.178134,40.792238],[-74.178965,40.792687]]]},"properties":{"OBJECTID":92,"NAME":"Morris Canal","TYPE":"Canal","PURPOSE":"Navigation","STATUS":"Inactive","CONDITION":"Dry","PUBLICLY_A":" ","ADDRESS":" ","MUN":"BELLEVILLE TWP","COUNTY":"ESSEX","COMMENTS":" ","GLOBALID":"{37CC2B8A-2F08-4453-8365-414795D6577D}","SHAPE_Length":42447.972983582185,"SHAPE_Area":1310930.4177213989}},{"type":"Feature","geometry":{"type":"Polygon","coordinates":[[[-74.191273,40.792756],[-74.191292,40.792813],[-74.191715,40.794503],[-74.1919,40.795653],[-74.191762,40.797994],[-74.191441,40.800573],[-74.191422,40.800723],[-74.191456,40.800926],[-74.191513,40.801066],[-74.191628,40.801251],[-74.192167,40.802034],[-74.192696,40.802833],[-74.192767,40.803043],[-74.192784,40.803196],[-74.19279,40.803331],[-74.192724,40.803596],[-74.19261,40.803843],[-74.192502,40.803989],[-74.192202,40.804417],[-74.191634,40.805249],[-74.191434,40.806084],[-74.191254,40.806666],[-74.19114,40.807195],[-74.19111,40.807566],[-74.191231,40.807634],[-74.191277,40.807641],[-74.191341,40.807283],[-74.191392,40.806963],[-74.191461,40.806662],[-74.191562,40.80637],[-74.191919,40.80516],[-74.192781,40.803946],[-74.192853,40.803816],[-74.192975,40.803501],[-74.193008,40.803227],[-74.192981,40.802998],[-74.192902,40.80278],[-74.192435,40.801969],[-74.191951,40.801287],[-74.191756,40.801032],[-74.19171,40.8009],[-74.191702,40.800734],[-74.191982,40.798322],[-74.192082,40.797012],[-74.19212,40.795582],[-74.191968,40.794486],[-74.191434,40.792723],[-74.191273,40.792756]]]},"properties":{"OBJECTID":93,"NAME":"Morris Canal","TYPE":"Canal","PURPOSE":"Navigation","STATUS":"Inactive","CONDITION":"Dry","PUBLICLY_A":" ","ADDRESS":" ","MUN":"BLOOMFIELD TWP","COUNTY":"ESSEX","COMMENTS":" ","GLOBALID":"{88212DF7-2E51-466F-ADD0-BBC1D982AB33}","SHAPE_Length":11314.552998953002,"SHAPE_Area":366166.8207295613}},{"type":"Feature","geometry":{"type":"Polygon","coordinates":[[[-74.754824,40.914295],[-74.754843,40.914349],[-74.755208,40.91429],[-74.755203,40.914242],[-74.754824,40.914295]]]},"properties":{"OBJECTID":94,"NAME":"Morris Canal Aqueduct","TYPE":"Canal","PURPOSE":"Navigation","STATUS":"Inactive","CONDITION":"Water","PUBLICLY_A":"Yes","ADDRESS":"Waterloo Village, at S end of Tail Race.","MUN":"BYRAM TWP","COUNTY":"SUSSEX","COMMENTS":"Former aqueduct mostly filled in, small 1 foot wide replica now in place with water flowing through.","GLOBALID":"{F3FAE3C4-63AC-4AC4-A3CF-AF0475277154}","SHAPE_Length":247.4096298155278,"SHAPE_Area":1972.765890121942}},{"type":"Feature","geometry":{"type":"Polygon","coordinates":[[[-74.560036,40.88492],[-74.560055,40.885228],[-74.56047,40.885221],[-74.56046,40.884913],[-74.560036,40.88492]]]},"properties":{"OBJECTID":95,"NAME":"Morris Canal Basin","TYPE":"Canal","PURPOSE":"Navigation","STATUS":"Inactive","CONDITION":"Dry","PUBLICLY_A":" ","ADDRESS":"Along Bassett Highway, approx. 275 ft. W of South Warren St.","MUN":"DOVER TOWN","COUNTY":"MORRIS","COMMENTS":"Basin filled in.","GLOBALID":"{7491ABA7-61AD-405B-9FF6-7AF3953C9D5A}","SHAPE_Length":456.81026623283606,"SHAPE_Area":13036.59710201244}},{"type":"Feature","geometry":{"type":"Polygon","coordinates":[[[-74.507054,40.904091],[-74.507587,40.90426],[-74.507632,40.904082],[-74.507083,40.903978],[-74.507054,40.904091]]]},"properties":{"OBJECTID":96,"NAME":"Morris Canal Basin","TYPE":"Canal","PURPOSE":"Navigation","STATUS":"Inactive","CONDITION":"Dry","PUBLICLY_A":" ","ADDRESS":"Approx. 150 ft. E of Union Ave.","MUN":"ROCKAWAY BORO","COUNTY":"MORRIS","COMMENTS":"Rockaway basin filled in.","GLOBALID":"{3B175B3B-2CC6-4D92-9034-A7BE892C3119}","SHAPE_Length":424.22189006565213,"SHAPE_Area":8448.853213428012}},{"type":"Feature","geometry":{"type":"Polygon","coordinates":[[[-74.508455,40.904335],[-74.508485,40.904356],[-74.508533,40.90435],[-74.509115,40.904218],[-74.509174,40.9042],[-74.509172,40.904164],[-74.50915,40.904108],[-74.509136,40.90407],[-74.509119,40.90405],[-74.509074,40.904055],[-74.509012,40.904068],[-74.50873,40.904132],[-74.508679,40.904003],[-74.508355,40.904079],[-74.508455,40.904335]]]},"properties":{"OBJECTID":97,"NAME":"Morris Canal Basin","TYPE":"Canal","PURPOSE":"Navigation","STATUS":"Inactive","CONDITION":"Dry","PUBLICLY_A":" ","ADDRESS":"Approx. 75 ft. W of Union Ave.","MUN":"ROCKAWAY BORO","COUNTY":"MORRIS","COMMENTS":"Rockaway basin filled in.","GLOBALID":"{2823802F-A021-4715-A6BA-8FEBF66F01DC}","SHAPE_Length":619.8604795615071,"SHAPE_Area":17013.09635206328}},{"type":"Feature","geometry":{"type":"Polygon","coordinates":[[[-74.406209,40.902522],[-74.406251,40.902744],[-74.406367,40.902886],[-74.406571,40.902861],[-74.406627,40.902716],[-74.406598,40.90249],[-74.406209,40.902522]]]},"properties":{"OBJECTID":98,"NAME":"Morris Canal Basin","TYPE":"Canal","PURPOSE":"Navigation","STATUS":"Inactive","CONDITION":"Dry","PUBLICLY_A":" ","ADDRESS":"Approx: near Maple Ave. and Main St.","MUN":"BOONTON TOWN","COUNTY":"MORRIS","COMMENTS":"Basin filled in.","GLOBALID":"{2D101A2E-7A97-4E50-8A1C-3E071CCA3C5A}","SHAPE_Length":445.35003227557456,"SHAPE_Area":12991.908000841859}},{"type":"Feature","geometry":{"type":"Polygon","coordinates":[[[-74.511577,40.902729],[-74.511904,40.902997],[-74.512266,40.902801],[-74.512482,40.902412],[-74.512852,40.902285],[-74.513021,40.902141],[-74.51278,40.901936],[-74.511577,40.902729]]]},"properties":{"OBJECTID":99,"NAME":"Morris Canal Basin","TYPE":"Canal","PURPOSE":"Navigation","STATUS":"Inactive","CONDITION":"Dry","PUBLICLY_A":" ","ADDRESS":"Between Church St., Dock St., & Maple Ave.","MUN":"ROCKAWAY BORO","COUNTY":"MORRIS","COMMENTS":"Rockaway basin filled in.","GLOBALID":"{D92295F3-260A-4454-AFC0-FC02213DF3CF}","SHAPE_Length":1132.7188708505755,"SHAPE_Area":49747.1939303079}},{"type":"Feature","geometry":{"type":"Polygon","coordinates":[[[-74.598967,40.89939],[-74.59893,40.899465],[-74.598549,40.899581],[-74.598466,40.899696],[-74.597888,40.899853],[-74.597728,40.900032],[-74.597302,40.90013],[-74.59709,40.900344],[-74.596755,40.900437],[-74.596611,40.900593],[-74.596667,40.900891],[-74.597377,40.900684],[-74.598088,40.90053],[-74.598704,40.900431],[-74.599106,40.900411],[-74.59909,40.90014],[-74.599212,40.89988],[-74.599386,40.899568],[-74.599295,40.899384],[-74.598967,40.89939]]]},"properties":{"OBJECTID":100,"NAME":"Morris Canal Basin","TYPE":"Canal","PURPOSE":"Navigation","STATUS":"Inactive","CONDITION":"Dry","PUBLICLY_A":" ","ADDRESS":"Between Plane 4 East and Lock 2 East","MUN":"ROXBURY TWP","COUNTY":"MORRIS","COMMENTS":"Wharton basin.","GLOBALID":"{6A9E0426-9484-4680-836D-333EC954BE17}","SHAPE_Length":2122.513423239237,"SHAPE_Area":179037.63239064373}},{"type":"Feature","geometry":{"type":"Polygon","coordinates":[[[-75.160466,40.685926],[-75.160417,40.685991],[-75.160896,40.686199],[-75.161048,40.68594],[-75.161073,40.685896],[-75.1611,40.685853],[-75.161128,40.685811],[-75.161157,40.685769],[-75.161187,40.685727],[-75.160761,40.685533],[-75.160466,40.685926]]]},"properties":{"OBJECTID":101,"NAME":"Morris Canal Basin","TYPE":"Canal","PURPOSE":"Navigation","STATUS":"Inactive","CONDITION":"Dry","PUBLICLY_A":" ","ADDRESS":"E of Lock St., NE of Plane 10 West","MUN":"LOPATCONG TWP","COUNTY":"WARREN","COMMENTS":"Basin filled in.","GLOBALID":"{0E368D1F-7E2D-43AD-9267-45A41F803DC3}","SHAPE_Length":673.0865066279255,"SHAPE_Area":27465.74462633917}},{"type":"Feature","geometry":{"type":"Polygon","coordinates":[[[-74.271597,40.914547],[-74.271174,40.914602],[-74.27116,40.914774],[-74.272019,40.914815],[-74.272151,40.914733],[-74.27179,40.914472],[-74.271597,40.914547]]]},"properties":{"OBJECTID":102,"NAME":"Morris Canal Basin","TYPE":"Canal","PURPOSE":"Navigation","STATUS":"Inactive","CONDITION":"Dry","PUBLICLY_A":" ","ADDRESS":"N of intersection of Boonton Turnpike and Riveredge Rd.","MUN":"LINCOLN PARK BORO","COUNTY":"MORRIS","COMMENTS":"Basin filled in.","GLOBALID":"{D27A613B-63C4-4D13-9B8B-20CA4FFB0E96}","SHAPE_Length":663.6765610710906,"SHAPE_Area":21728.64193945627}},{"type":"Feature","geometry":{"type":"Polygon","coordinates":[[[-74.270133,40.914722],[-74.270115,40.914783],[-74.270008,40.914823],[-74.270059,40.914952],[-74.27066,40.914865],[-74.270491,40.914675],[-74.270133,40.914722]]]},"properties":{"OBJECTID":103,"NAME":"Morris Canal Basin","TYPE":"Canal","PURPOSE":"Navigation","STATUS":"Inactive","CONDITION":"Dry","PUBLICLY_A":" ","ADDRESS":"N of intersection of Mt. View Blvd. And Fayette Ave.","MUN":"WAYNE TWP","COUNTY":"PASSAIC","COMMENTS":"Basin filled in.","GLOBALID":"{4513DB9C-7552-4164-BD19-23A2048E53BB}","SHAPE_Length":457.7796226248994,"SHAPE_Area":11232.747881214744}},{"type":"Feature","geometry":{"type":"Polygon","coordinates":[[[-74.263534,40.914887],[-74.264233,40.915095],[-74.264887,40.91523],[-74.26442,40.914574],[-74.263534,40.914887]]]},"properties":{"OBJECTID":104,"NAME":"Morris Canal Basin","TYPE":"Canal","PURPOSE":"Navigation","STATUS":"Inactive","CONDITION":"Dry","PUBLICLY_A":" ","ADDRESS":"N of intersection of Parish Dr. and Mt. View Blvd.","MUN":"WAYNE TWP","COUNTY":"PASSAIC","COMMENTS":"Mead's basin.","GLOBALID":"{A6274430-BA2E-4A1A-A442-E7782F86EFBB}","SHAPE_Length":936.477788747219,"SHAPE_Area":38675.11027613404}},{"type":"Feature","geometry":{"type":"Polygon","coordinates":[[[-74.427194,40.9178],[-74.427273,40.918368],[-74.427859,40.918426],[-74.428032,40.917781],[-74.427194,40.9178]]]},"properties":{"OBJECTID":105,"NAME":"Morris Canal Basin","TYPE":"Canal","PURPOSE":"Navigation","STATUS":"Inactive","CONDITION":"Dry","PUBLICLY_A":" ","ADDRESS":"SW of intersection of Old Denville and Powerville Roads","MUN":"BOONTON TWP","COUNTY":"MORRIS","COMMENTS":"Basin filled in.","GLOBALID":"{A529B989-6C61-4FB3-8A44-92DA1674CD73}","SHAPE_Length":842.9646567490299,"SHAPE_Area":43570.294056406914}},{"type":"Feature","geometry":{"type":"Polygon","coordinates":[[[-74.557246,40.886684],[-74.556163,40.887137],[-74.556229,40.887794],[-74.557924,40.887591],[-74.557733,40.886643],[-74.557246,40.886684]]]},"properties":{"OBJECTID":106,"NAME":"Morris Canal Basin","TYPE":"Canal","PURPOSE":"Navigation","STATUS":"Inactive","CONDITION":"Dry","PUBLICLY_A":"Yes","ADDRESS":" ","MUN":"DOVER TOWN","COUNTY":"MORRIS","COMMENTS":"Dover canal basin, filled in and is now a park.","GLOBALID":"{520D03DC-28CD-4F89-A8B7-FE1EB50F0138}","SHAPE_Length":1541.3552342001033,"SHAPE_Area":145355.63522002607}},{"type":"Feature","geometry":{"type":"Polygon","coordinates":[[[-74.913006,40.792487],[-74.912995,40.792513],[-74.912987,40.792548],[-74.912967,40.792589],[-74.912944,40.792648],[-74.91293,40.792691],[-74.912885,40.792792],[-74.912831,40.792915],[-74.912817,40.792984],[-74.912809,40.793026],[-74.91281,40.793047],[-74.912824,40.793095],[-74.912861,40.793133],[-74.91291,40.793171],[-74.912952,40.7932],[-74.913011,40.793225],[-74.913054,40.793237],[-74.913143,40.793247],[-74.913193,40.793247],[-74.91326,40.793235],[-74.913339,40.793196],[-74.913423,40.793159],[-74.913447,40.793145],[-74.913478,40.793128],[-74.913494,40.793114],[-74.9135,40.793098],[-74.9135,40.793086],[-74.91349,40.793071],[-74.913465,40.793048],[-74.913433,40.793031],[-74.913419,40.793022],[-74.913408,40.79301],[-74.913402,40.792994],[-74.913402,40.792973],[-74.913407,40.792963],[-74.913414,40.792951],[-74.913421,40.792945],[-74.913432,40.79294],[-74.913483,40.792937],[-74.913507,40.792932],[-74.913523,40.792918],[-74.913532,40.792902],[-74.913535,40.792885],[-74.913532,40.792869],[-74.913524,40.792848],[-74.913508,40.792828],[-74.913484,40.792811],[-74.913431,40.792773],[-74.913328,40.792722],[-74.913254,40.792672],[-74.913147,40.792609],[-74.913094,40.792571],[-74.913072,40.792543],[-74.913047,40.7925],[-74.913027,40.792417],[-74.913029,40.792386],[-74.913006,40.792487]]]},"properties":{"OBJECTID":107,"NAME":"Morris Canal Basin","TYPE":"Canal","PURPOSE":"Navigation","STATUS":"Inactive","CONDITION":"Water","PUBLICLY_A":" ","ADDRESS":" ","MUN":"MANSFIELD TWP","COUNTY":"WARREN","COMMENTS":"Port Murray boat basin.","GLOBALID":"{FEBFBCF3-50EF-4070-B19B-714D28C06A8E}","SHAPE_Length":846.7446031498566,"SHAPE_Area":34968.03404032007}},{"type":"Feature","geometry":{"type":"Polygon","coordinates":[[[-74.663164,40.901893],[-74.663171,40.902019],[-74.663159,40.902152],[-74.663153,40.902345],[-74.663165,40.902424],[-74.663241,40.902538],[-74.663287,40.902627],[-74.663308,40.902678],[-74.663345,40.902889],[-74.663447,40.903032],[-74.663501,40.903041],[-74.663586,40.903013],[-74.663732,40.902956],[-74.66395,40.902738],[-74.664067,40.902704],[-74.664144,40.902605],[-74.663769,40.902214],[-74.663097,40.9017],[-74.663164,40.901893]]]},"properties":{"OBJECTID":108,"NAME":"Morris Canal Basin","TYPE":"Canal","PURPOSE":"Navigation","STATUS":"Inactive","CONDITION":"Water","PUBLICLY_A":" ","ADDRESS":" ","MUN":"ROXBURY TWP","COUNTY":"MORRIS","COMMENTS":"Shippenport basin.","GLOBALID":"{29C99379-5C4C-4A7A-990D-DB86475842EE}","SHAPE_Length":1206.9966361331392,"SHAPE_Area":67889.57847988103}},{"type":"Feature","geometry":{"type":"Polygon","coordinates":[[[-74.955058,40.766159],[-74.955399,40.766104],[-74.955191,40.765538],[-74.954779,40.765342],[-74.955058,40.766159]]]},"properties":{"OBJECTID":109,"NAME":"Morris Canal Basin","TYPE":"Canal","PURPOSE":"Navigation","STATUS":"Inactive","CONDITION":"Water","PUBLICLY_A":" ","ADDRESS":" ","MUN":"WASHINGTON TWP","COUNTY":"WARREN","COMMENTS":"Port Colden Boat Basin.","GLOBALID":"{53344A40-E9EE-4BBA-AB63-5DD13E921D1B}","SHAPE_Length":752.7502937377933,"SHAPE_Area":24540.111539707683}},{"type":"Feature","geometry":{"type":"Polygon","coordinates":[[[-74.658808,40.881146],[-74.658653,40.881159],[-74.658309,40.881189],[-74.658022,40.88122],[-74.657807,40.881314],[-74.657671,40.881382],[-74.658224,40.881763],[-74.658449,40.882111],[-74.658662,40.882067],[-74.658788,40.882027],[-74.658992,40.881861],[-74.659146,40.881713],[-74.659265,40.88157],[-74.659343,40.881461],[-74.659368,40.881383],[-74.659348,40.881323],[-74.659313,40.881263],[-74.659253,40.881191],[-74.65919,40.881144],[-74.659092,40.881133],[-74.658808,40.881146]]]},"properties":{"OBJECTID":110,"NAME":"Morris Canal Basin","TYPE":"Canal","PURPOSE":"Navigation","STATUS":"Inactive","CONDITION":"Water","PUBLICLY_A":"Yes","ADDRESS":" ","MUN":"ROXBURY TWP","COUNTY":"MORRIS","COMMENTS":"Ledgewood boat basin is accessible in Morris Canal Park.","GLOBALID":"{3FF8321D-0B7C-4256-BB02-F982D64B7F2F}","SHAPE_Length":1274.9683445785586,"SHAPE_Area":99804.22737309312}},{"type":"Feature","geometry":{"type":"Polygon","coordinates":[[[-74.652231,40.877841],[-74.652262,40.877923],[-74.65251,40.877962],[-74.652541,40.878076],[-74.652655,40.878224],[-74.652728,40.878263],[-74.65279,40.878287],[-74.652872,40.878271],[-74.652908,40.878216],[-74.65296,40.878114],[-74.652964,40.877961],[-74.652732,40.877887],[-74.652453,40.877841],[-74.652231,40.877841]]]},"properties":{"OBJECTID":111,"NAME":"Morris Canal Basin","TYPE":"Canal","PURPOSE":"Navigation","STATUS":"Inactive","CONDITION":"Water","PUBLICLY_A":"Yes","ADDRESS":" ","MUN":"ROXBURY TWP","COUNTY":"MORRIS","COMMENTS":"Remains of Ledgewood boat basin is accessible along Canal Street.","GLOBALID":"{EA9FDDAF-9DCA-4E85-8E88-3EB2910B0F51}","SHAPE_Length":601.1691237783323,"SHAPE_Area":16696.856841586516}},{"type":"Feature","geometry":{"type":"Polygon","coordinates":[[[-74.87425,40.825495],[-74.874258,40.825498],[-74.874269,40.825498],[-74.874277,40.825496],[-74.874287,40.825493],[-74.874301,40.825492],[-74.874318,40.825494],[-74.874336,40.825495],[-74.874357,40.825494],[-74.874369,40.825491],[-74.874391,40.825483],[-74.874429,40.825464],[-74.874447,40.825454],[-74.874569,40.825388],[-74.874638,40.825353],[-74.874663,40.825341],[-74.874707,40.825316],[-74.874745,40.825294],[-74.87478,40.825277],[-74.874803,40.825264],[-74.874819,40.825251],[-74.87483,40.825238],[-74.874844,40.825215],[-74.874873,40.825158],[-74.874881,40.825149],[-74.874895,40.825135],[-74.874907,40.825124],[-74.874917,40.825119],[-74.874926,40.825115],[-74.874948,40.825113],[-74.874967,40.825116],[-74.874968,40.825116],[-74.875002,40.825127],[-74.875019,40.825128],[-74.875045,40.82512],[-74.87507,40.825106],[-74.875102,40.825089],[-74.875158,40.825071],[-74.875162,40.82507],[-74.875188,40.825063],[-74.875233,40.82505],[-74.875285,40.825036],[-74.875321,40.825018],[-74.875387,40.82499],[-74.875441,40.824967],[-74.875475,40.824952],[-74.875493,40.824947],[-74.875519,40.824947],[-74.875531,40.824943],[-74.875538,40.824935],[-74.875542,40.824927],[-74.875542,40.824922],[-74.875541,40.824905],[-74.875536,40.824881],[-74.875538,40.824868],[-74.875541,40.824861],[-74.875554,40.824852],[-74.875571,40.82485],[-74.875586,40.824847],[-74.875611,40.824838],[-74.875631,40.824826],[-74.875668,40.8248],[-74.875701,40.824776],[-74.875723,40.824759],[-74.875737,40.82474],[-74.87575,40.824715],[-74.875765,40.824691],[-74.875779,40.824681],[-74.875796,40.824671],[-74.875811,40.824665],[-74.87583,40.824657],[-74.875843,40.824647],[-74.875855,40.824634],[-74.875856,40.824632],[-74.87586,40.824621],[-74.87587,40.824586],[-74.875877,40.824554],[-74.875876,40.824512],[-74.875874,40.824489],[-74.875862,40.824462],[-74.875852,40.824452],[-74.875837,40.824437],[-74.875655,40.82428],[-74.875626,40.824259],[-74.875622,40.824257],[-74.875608,40.82425],[-74.875606,40.82425],[-74.875586,40.824248],[-74.875565,40.824249],[-74.875548,40.824253],[-74.875532,40.824262],[-74.875525,40.824265],[-74.875481,40.824287],[-74.875165,40.824595],[-74.875051,40.824694],[-74.875011,40.824732],[-74.874933,40.824768],[-74.874935,40.824777],[-74.874934,40.824786],[-74.874924,40.824801],[-74.874908,40.824822],[-74.874895,40.824835],[-74.874888,40.824843],[-74.874865,40.824875],[-74.874844,40.824899],[-74.874771,40.824963],[-74.874698,40.825027],[-74.874525,40.825184],[-74.874427,40.825266],[-74.874334,40.825357],[-74.874328,40.825364],[-74.874297,40.825399],[-74.87426,40.825448],[-74.874253,40.825458],[-74.874248,40.825466],[-74.874243,40.825476],[-74.874242,40.825483],[-74.874244,40.82549],[-74.87425,40.825495]]]},"properties":{"OBJECTID":112,"NAME":"Morris Canal Basin","TYPE":"Canal","PURPOSE":"Navigation","STATUS":"Inactive","CONDITION":"Water","PUBLICLY_A":"Yes","ADDRESS":"Located across from the state game farm office.","MUN":"MANSFIELD TWP","COUNTY":"WARREN","COMMENTS":"Rockport basin, This canal basin is a breeding ground for many waterfowl at the state game farm.","GLOBALID":"{627FEB05-4331-454D-8D89-779D14E2EE3E}","SHAPE_Length":1357.540702712251,"SHAPE_Area":62539.47014063182}},{"type":"Feature","geometry":{"type":"Polygon","coordinates":[[[-74.712346,40.902975],[-74.712324,40.903204],[-74.712034,40.903442],[-74.712058,40.903597],[-74.712125,40.903849],[-74.712719,40.90417],[-74.712809,40.904092],[-74.712874,40.903865],[-74.71312,40.903576],[-74.713286,40.90321],[-74.713002,40.903136],[-74.712771,40.902846],[-74.712528,40.902817],[-74.712346,40.902975]]]},"properties":{"OBJECTID":113,"NAME":"Morris Canal Basin","TYPE":"Canal","PURPOSE":"Navigation","STATUS":"Inactive","CONDITION":"Dry","PUBLICLY_A":" ","ADDRESS":" ","MUN":"STANHOPE BORO","COUNTY":"SUSSEX","COMMENTS":"Lower Basin","GLOBALID":"{DF91D6D8-41DB-477C-8748-008D5BCAAF09}","SHAPE_Length":1293.5614189683106,"SHAPE_Area":99255.84843438909}},{"type":"Feature","geometry":{"type":"Polygon","coordinates":[[[-74.574085,40.895899],[-74.57391,40.896096],[-74.573845,40.896299],[-74.573873,40.896405],[-74.573975,40.896524],[-74.573837,40.896749],[-74.573652,40.896798],[-74.573624,40.896931],[-74.573781,40.89694],[-74.574185,40.896962],[-74.574544,40.897007],[-74.574791,40.89707],[-74.574963,40.897126],[-74.57489,40.896906],[-74.574873,40.896797],[-74.57494,40.896723],[-74.57527,40.896516],[-74.575412,40.896362],[-74.575427,40.896214],[-74.57536,40.896013],[-74.575473,40.895926],[-74.575603,40.895835],[-74.575649,40.895765],[-74.575575,40.895701],[-74.575437,40.895705],[-74.575258,40.895741],[-74.574881,40.895856],[-74.574613,40.895779],[-74.574372,40.89573],[-74.574235,40.895742],[-74.574206,40.895843],[-74.574085,40.895899]]]},"properties":{"OBJECTID":114,"NAME":"Morris Canal Basin","TYPE":"Canal","PURPOSE":"Navigation","STATUS":"Inactive","CONDITION":"Dry","PUBLICLY_A":" ","ADDRESS":" ","MUN":"WHARTON BORO","COUNTY":"MORRIS","COMMENTS":"Former Morris Canal basin in Wharton.","GLOBALID":"{DA2BDB0F-8281-47CA-A098-3713C7C3EB5C}","SHAPE_Length":1916.7127134581203,"SHAPE_Area":168132.3870614221}},{"type":"Feature","geometry":{"type":"Polygon","coordinates":[[[-74.727522,40.910905],[-74.727495,40.911015],[-74.727571,40.911078],[-74.72771,40.911292],[-74.727759,40.911361],[-74.728001,40.911308],[-74.728339,40.911192],[-74.728595,40.911039],[-74.728739,40.910881],[-74.728864,40.910891],[-74.729056,40.910576],[-74.72887,40.910577],[-74.7286,40.910546],[-74.728623,40.910482],[-74.728253,40.910447],[-74.728247,40.910494],[-74.727867,40.910453],[-74.727909,40.910657],[-74.727875,40.910804],[-74.727522,40.910905]]]},"properties":{"OBJECTID":115,"NAME":"Morris Canal Basin","TYPE":"Canal","PURPOSE":"Navigation","STATUS":"Inactive","CONDITION":"Dry","PUBLICLY_A":" ","ADDRESS":" ","MUN":"MOUNT OLIVE TWP","COUNTY":"MORRIS","COMMENTS":" ","GLOBALID":"{BB9D38AD-435B-410C-A185-253CC4243805}","SHAPE_Length":1291.9416235850747,"SHAPE_Area":80483.89210340803}},{"type":"Feature","geometry":{"type":"Polygon","coordinates":[[[-74.706259,40.902285],[-74.70626,40.902285],[-74.706645,40.902324],[-74.707454,40.902378],[-74.708175,40.902383],[-74.70875,40.902688],[-74.708989,40.902618],[-74.709331,40.902383],[-74.708988,40.902208],[-74.708701,40.902169],[-74.708171,40.902201],[-74.707133,40.902228],[-74.706716,40.902205],[-74.706437,40.90217],[-74.706257,40.902144],[-74.706259,40.902285]]]},"properties":{"OBJECTID":116,"NAME":"Morris Canal Basin","TYPE":"Canal","PURPOSE":"Navigation","STATUS":"Inactive","CONDITION":"Dry","PUBLICLY_A":" ","ADDRESS":" ","MUN":"STANHOPE BORO","COUNTY":"SUSSEX","COMMENTS":" ","GLOBALID":"{FCA52448-B483-4C88-8AE5-C201AE5EDEEA}","SHAPE_Length":1848.0970535914985,"SHAPE_Area":66915.4421944568}},{"type":"Feature","geometry":{"type":"Polygon","coordinates":[[[-74.051365,40.712227],[-74.051546,40.711848],[-74.051046,40.711928],[-74.051195,40.711033],[-74.039692,40.709713],[-74.03791,40.709378],[-74.03225,40.708789],[-74.03193,40.710929],[-74.035498,40.7113],[-74.03599,40.711436],[-74.037153,40.711518],[-74.037837,40.711112],[-74.038875,40.711088],[-74.039643,40.710953],[-74.051365,40.712227]]]},"properties":{"OBJECTID":117,"NAME":"Morris Canal Big Basin","TYPE":"Canal","PURPOSE":"Navigation","STATUS":"Inactive","CONDITION":"Water","PUBLICLY_A":"Yes","ADDRESS":"S of canal terminus and Little Basin","MUN":"JERSEY CITY","COUNTY":"HUDSON","COMMENTS":"Also called tidewater basin.","GLOBALID":"{13ED58AD-A136-4BD6-B69F-305E8164C438}","SHAPE_Length":12215.40603915874,"SHAPE_Area":2951232.081330094}},{"type":"Feature","geometry":{"type":"MultiPolygon","coordinates":[[[[-74.037385,40.713005],[-74.037496,40.712387],[-74.035948,40.712192],[-74.035895,40.712132],[-74.035713,40.71208],[-74.035591,40.712177],[-74.034802,40.7121],[-74.034841,40.711786],[-74.033719,40.711652],[-74.032664,40.711541],[-74.03264,40.711659],[-74.033642,40.711777],[-74.033444,40.71201],[-74.031974,40.711884],[-74.031957,40.712017],[-74.033438,40.712151],[-74.033481,40.712247],[-74.033397,40.712583],[-74.031863,40.712443],[-74.031833,40.712572],[-74.033663,40.71272],[-74.033691,40.712584],[-74.037385,40.713005]]],[[[-74.035143,40.711715],[-74.038214,40.712076],[-74.03842,40.711133],[-74.038069,40.711085],[-74.037776,40.711142],[-74.037482,40.711391],[-74.037264,40.711551],[-74.037112,40.71161],[-74.036712,40.711599],[-74.036111,40.711514],[-74.035517,40.711315],[-74.031948,40.710957],[-74.03193,40.71109],[-74.035192,40.711431],[-74.035143,40.711715]]]]},"properties":{"OBJECTID":118,"NAME":"Morris Canal Little Basin","TYPE":"Canal","PURPOSE":"Navigation","STATUS":"Inactive","CONDITION":"Dry","PUBLICLY_A":"Yes","ADDRESS":"Area bounded by Essex and Washington Streets, Morris Canal Tidewater Basin, and Hudson River.","MUN":"JERSEY CITY","COUNTY":"HUDSON","COMMENTS":" ","GLOBALID":"{6C1DB2D5-ED1E-4C18-942F-B9E8DE6B1E80}","SHAPE_Length":9437.314829100203,"SHAPE_Area":557543.319021428}},{"type":"Feature","geometry":{"type":"Polygon","coordinates":[[[-74.035901,40.712113],[-74.035979,40.712215],[-74.038132,40.712464],[-74.038214,40.712076],[-74.034848,40.711684],[-74.034772,40.712104],[-74.035615,40.712168],[-74.035707,40.712085],[-74.035901,40.712113]]]},"properties":{"OBJECTID":119,"NAME":"Morris Canal Little Basin","TYPE":"Canal","PURPOSE":"Navigation","STATUS":"Inactive","CONDITION":"Water","PUBLICLY_A":"Yes","ADDRESS":"Between Washington and Hudson Streets, approx. 250 ft S of Essex St","MUN":"JERSEY CITY","COUNTY":"HUDSON","COMMENTS":" ","GLOBALID":"{E9D4CD3F-70A0-4548-89F3-08DDF2C4DA63}","SHAPE_Length":2216.9996549251305,"SHAPE_Area":133530.50318928916}},{"type":"Feature","geometry":{"type":"Polygon","coordinates":[[[-74.230977,40.883003],[-74.231124,40.883223],[-74.231344,40.883184],[-74.231173,40.882963],[-74.230977,40.883003]]]},"properties":{"OBJECTID":120,"NAME":"Morris Canal Little Falls Aqueduct","TYPE":"Canal","PURPOSE":"Navigation","STATUS":"Inactive","CONDITION":"Water","PUBLICLY_A":" ","ADDRESS":" ","MUN":"WAYNE TWP","COUNTY":"PASSAIC","COMMENTS":"Formerly the Little Falls Aqueduct across the Passaic River.  It was an 80 foot span.","GLOBALID":"{573D0EE6-60B8-4FDB-83D5-3D81F30E23B6}","SHAPE_Length":302.1205436632643,"SHAPE_Area":5259.84824456494}},{"type":"Feature","geometry":{"type":"Polygon","coordinates":[[[-74.647781,40.877879],[-74.649058,40.877938],[-74.649081,40.877662],[-74.647803,40.877603],[-74.647781,40.877879]]]},"properties":{"OBJECTID":121,"NAME":"Morris Canal Lock 1 East","TYPE":"Canal","PURPOSE":"Navigation","STATUS":"Inactive","CONDITION":"Dry","PUBLICLY_A":" ","ADDRESS":"W of Commerce Blvd, N of Drake Lane","MUN":"ROXBURY TWP","COUNTY":"MORRIS","COMMENTS":" ","GLOBALID":"{8E73E39A-B3B7-4C27-9D4F-950B867FCB37}","SHAPE_Length":909.1540402624287,"SHAPE_Area":35636.143456460886}},{"type":"Feature","geometry":{"type":"Polygon","coordinates":[[[-74.704153,40.902089],[-74.704177,40.902251],[-74.704925,40.902228],[-74.70491,40.90208],[-74.704153,40.902089]]]},"properties":{"OBJECTID":122,"NAME":"Morris Canal Lock 1 West","TYPE":"Canal","PURPOSE":"Navigation","STATUS":"Inactive","CONDITION":"Dry","PUBLICLY_A":"Yes","ADDRESS":"E of Lakeside Blvd, N of Musconetcong River","MUN":"STANHOPE BORO","COUNTY":"SUSSEX","COMMENTS":"On Lake Musconetcong, guard lock built in 1845.  Capstones are visible in park next to dam.","GLOBALID":"{5F2D220A-7F41-40F0-8D2D-0096C689B0CD}","SHAPE_Length":529.7247222163232,"SHAPE_Area":11785.355804284876}},{"type":"Feature","geometry":{"type":"Polygon","coordinates":[[[-74.427165,40.917443],[-74.427187,40.917815],[-74.427361,40.917795],[-74.427337,40.917409],[-74.427165,40.917443]]]},"properties":{"OBJECTID":123,"NAME":"Morris Canal Lock 10 East","TYPE":"Canal","PURPOSE":"Navigation","STATUS":"Inactive","CONDITION":"Dry","PUBLICLY_A":" ","ADDRESS":"E of Powerville Rd, N of Slackwater Pond","MUN":"BOONTON TWP","COUNTY":"MORRIS","COMMENTS":" ","GLOBALID":"{4F454305-037B-41DA-9361-897B30A83AB5}","SHAPE_Length":374.00682146455597,"SHAPE_Area":6653.522465043972}},{"type":"Feature","geometry":{"type":"Polygon","coordinates":[[[-75.169163,40.677861],[-75.169277,40.67792],[-75.169661,40.677491],[-75.169547,40.677432],[-75.169163,40.677861]]]},"properties":{"OBJECTID":124,"NAME":"Morris Canal Lock 10 West","TYPE":"Canal","PURPOSE":"Navigation","STATUS":"Inactive","CONDITION":"Dry","PUBLICLY_A":" ","ADDRESS":"1081-1082 South Main Street, NE of South Main St. at Lopatcong Creek","MUN":"PHILLIPSBURG TOWN","COUNTY":"WARREN","COMMENTS":" ","GLOBALID":"{D177991D-13BE-4355-8C3D-C5DE56924482}","SHAPE_Length":455.4198923811151,"SHAPE_Area":7282.211140359316}},{"type":"Feature","geometry":{"type":"Polygon","coordinates":[[[-74.42638,40.915733],[-74.426984,40.916383],[-74.427081,40.916334],[-74.426488,40.915685],[-74.42638,40.915733]]]},"properties":{"OBJECTID":125,"NAME":"Morris Canal Lock 11 East","TYPE":"Canal","PURPOSE":"Navigation","STATUS":"Inactive","CONDITION":"Dry","PUBLICLY_A":" ","ADDRESS":"NE of Griffith Park","MUN":"BOONTON TWP","COUNTY":"MORRIS","COMMENTS":" ","GLOBALID":"{97E9A3ED-D384-42DC-A87F-013F7F201C19}","SHAPE_Length":644.080317767138,"SHAPE_Area":9597.874368545165}},{"type":"Feature","geometry":{"type":"Polygon","coordinates":[[[-74.413187,40.905669],[-74.413485,40.905851],[-74.413737,40.905637],[-74.413406,40.905423],[-74.413187,40.905669]]]},"properties":{"OBJECTID":126,"NAME":"Morris Canal Lock 12 East","TYPE":"Canal","PURPOSE":"Navigation","STATUS":"Inactive","CONDITION":"Dry","PUBLICLY_A":" ","ADDRESS":"NW end of Plane 7 East","MUN":"BOONTON TOWN","COUNTY":"MORRIS","COMMENTS":" ","GLOBALID":"{55FC204C-F337-4868-95E5-3C7BBCEE19D8}","SHAPE_Length":438.4546657403683,"SHAPE_Area":11968.38798247603}},{"type":"Feature","geometry":{"type":"Polygon","coordinates":[[[-74.406598,40.902488],[-74.406616,40.902624],[-74.406971,40.902606],[-74.40696,40.902468],[-74.406598,40.902488]]]},"properties":{"OBJECTID":127,"NAME":"Morris Canal Lock 13 East","TYPE":"Canal","PURPOSE":"Navigation","STATUS":"Inactive","CONDITION":"Dry","PUBLICLY_A":" ","ADDRESS":"Approx: near Maple Ave. and Main St.","MUN":"BOONTON TOWN","COUNTY":"MORRIS","COMMENTS":" ","GLOBALID":"{2468350E-EA04-4181-A58B-B763F8DD32DF}","SHAPE_Length":298.83191549914153,"SHAPE_Area":4974.228564908385}},{"type":"Feature","geometry":{"type":"Polygon","coordinates":[[[-74.293008,40.917543],[-74.293878,40.917544],[-74.293878,40.917282],[-74.293011,40.917281],[-74.293008,40.917543]]]},"properties":{"OBJECTID":128,"NAME":"Morris Canal Lock 14 East","TYPE":"Canal","PURPOSE":"Navigation","STATUS":"Inactive","CONDITION":"Dry","PUBLICLY_A":" ","ADDRESS":"E of intersection of Morris Canal prism and US Rt 202","MUN":"LINCOLN PARK BORO","COUNTY":"MORRIS","COMMENTS":" ","GLOBALID":"{E2AF1BED-EC3F-4A46-99FC-C4F4E0953F16}","SHAPE_Length":671.0525528615534,"SHAPE_Area":22910.143445249847}},{"type":"Feature","geometry":{"type":"Polygon","coordinates":[[[-74.191181,40.792489],[-74.191271,40.792754],[-74.191433,40.792722],[-74.191344,40.792459],[-74.191181,40.792489]]]},"properties":{"OBJECTID":129,"NAME":"Morris Canal Lock 15 East","TYPE":"Canal","PURPOSE":"Navigation","STATUS":"Inactive","CONDITION":"Dry","PUBLICLY_A":" ","ADDRESS":"N of intersection of Municipal Plaza and West St.","MUN":"BLOOMFIELD TWP","COUNTY":"ESSEX","COMMENTS":" ","GLOBALID":"{2B45AA79-C000-4CEE-8646-49549BACD770}","SHAPE_Length":291.0269792111668,"SHAPE_Area":4591.327020055407}},{"type":"Feature","geometry":{"type":"Polygon","coordinates":[[[-74.181033,40.742692],[-74.181177,40.742737],[-74.181289,40.742491],[-74.181137,40.742451],[-74.181033,40.742692]]]},"properties":{"OBJECTID":130,"NAME":"Morris Canal Lock 16 East","TYPE":"Canal","PURPOSE":"Navigation","STATUS":"Inactive","CONDITION":"Dry","PUBLICLY_A":" ","ADDRESS":"Approx. under Raymond Blvd., adjacent to intersection with Warren Blvd.","MUN":"NEWARK CITY","COUNTY":"ESSEX","COMMENTS":" ","GLOBALID":"{0C3869E1-F335-42C1-B70F-CCDB9C472BDF}","SHAPE_Length":275.230342608434,"SHAPE_Area":4111.147579668667}},{"type":"Feature","geometry":{"type":"Polygon","coordinates":[[[-74.164792,40.735784],[-74.165109,40.735871],[-74.165176,40.735765],[-74.164851,40.735666],[-74.164792,40.735784]]]},"properties":{"OBJECTID":131,"NAME":"Morris Canal Lock 17 East","TYPE":"Canal","PURPOSE":"Navigation","STATUS":"Inactive","CONDITION":"Dry","PUBLICLY_A":" ","ADDRESS":"Raymond Blvd., near intersection with Alling St.","MUN":"NEWARK CITY","COUNTY":"ESSEX","COMMENTS":" ","GLOBALID":"{CD16EBAD-E7C3-4A43-9497-A18B92F0E619}","SHAPE_Length":279.03090518974057,"SHAPE_Area":4220.744822297639}},{"type":"Feature","geometry":{"type":"Polygon","coordinates":[[[-74.163139,40.735201],[-74.163263,40.73535],[-74.163567,40.735197],[-74.163439,40.73505],[-74.163139,40.735201]]]},"properties":{"OBJECTID":132,"NAME":"Morris Canal Lock 18 East","TYPE":"Canal","PURPOSE":"Navigation","STATUS":"Inactive","CONDITION":"Dry","PUBLICLY_A":" ","ADDRESS":"Along canal spur to Passaic River","MUN":"NEWARK CITY","COUNTY":"ESSEX","COMMENTS":" ","GLOBALID":"{9A15B246-D05D-4B46-8A67-A9C69B45AF02}","SHAPE_Length":329.151061349604,"SHAPE_Area":6449.08989400327}},{"type":"Feature","geometry":{"type":"Polygon","coordinates":[[[-74.128491,40.734766],[-74.128505,40.735043],[-74.128889,40.735027],[-74.128862,40.734745],[-74.128491,40.734766]]]},"properties":{"OBJECTID":133,"NAME":"Morris Canal Lock 19 East","TYPE":"Canal","PURPOSE":"Navigation","STATUS":"Inactive","CONDITION":"Dry","PUBLICLY_A":" ","ADDRESS":"Approx: adjacent to Blanchard St.","MUN":"NEWARK CITY","COUNTY":"ESSEX","COMMENTS":" ","GLOBALID":"{49907E97-2E9F-4A61-ADE9-B54CBFB1AF98}","SHAPE_Length":413.7610617401992,"SHAPE_Area":10695.716858276106}},{"type":"Feature","geometry":{"type":"Polygon","coordinates":[[[-74.595814,40.901098],[-74.595897,40.901233],[-74.596702,40.901026],[-74.596667,40.900891],[-74.595814,40.901098]]]},"properties":{"OBJECTID":134,"NAME":"Morris Canal Lock 2 East","TYPE":"Canal","PURPOSE":"Navigation","STATUS":"Inactive","CONDITION":"Dry","PUBLICLY_A":" ","ADDRESS":" ","MUN":"WHARTON BORO","COUNTY":"MORRIS","COMMENTS":"Located in Hugh Force County Park, West Central Ave. .5 miles west of Main Street.","GLOBALID":"{EB952097-C95E-49F2-B3E5-28337CF3ACD9}","SHAPE_Length":586.9084377420776,"SHAPE_Area":12493.947198613389}},{"type":"Feature","geometry":{"type":"Polygon","coordinates":[[[-74.71821,40.90958],[-74.719252,40.909651],[-74.719275,40.909456],[-74.718236,40.909395],[-74.71821,40.90958]]]},"properties":{"OBJECTID":135,"NAME":"Morris Canal Lock 2 West","TYPE":"Canal","PURPOSE":"Navigation","STATUS":"Inactive","CONDITION":"Dry","PUBLICLY_A":" ","ADDRESS":"Extending 180 ft from concrete abutment wall at Wills Brook","MUN":"MOUNT OLIVE TWP","COUNTY":"MORRIS","COMMENTS":" ","GLOBALID":"{55ACC3A7-5A0F-4696-ABBD-36E6322D0B8A}","SHAPE_Length":716.2043060574675,"SHAPE_Area":20047.305196626672}},{"type":"Feature","geometry":{"type":"Polygon","coordinates":[[[-74.118796,40.732682],[-74.119117,40.732778],[-74.119224,40.732518],[-74.118883,40.732425],[-74.118796,40.732682]]]},"properties":{"OBJECTID":136,"NAME":"Morris Canal Lock 20 East","TYPE":"Canal","PURPOSE":"Navigation","STATUS":"Inactive","CONDITION":"Dry","PUBLICLY_A":" ","ADDRESS":"E end of Raymond Blvd. at Passaic River","MUN":"NEWARK CITY","COUNTY":"ESSEX","COMMENTS":" ","GLOBALID":"{D7AE14F7-0772-4B1B-A4DD-BC9783E07ED1}","SHAPE_Length":392.2620507157076,"SHAPE_Area":9580.800392544601}},{"type":"Feature","geometry":{"type":"Polygon","coordinates":[[[-74.095936,40.725793],[-74.096915,40.726185],[-74.097083,40.725943],[-74.096102,40.72555],[-74.095936,40.725793]]]},"properties":{"OBJECTID":137,"NAME":"Morris Canal Lock 21 East","TYPE":"Canal","PURPOSE":"Navigation","STATUS":"Inactive","CONDITION":"Dry","PUBLICLY_A":" ","ADDRESS":"S of Rt. 1 & 9 truck route bridge","MUN":"JERSEY CITY","COUNTY":"HUDSON","COMMENTS":" ","GLOBALID":"{B09EAC74-0192-4DCD-950B-6B19BF3F6733}","SHAPE_Length":813.3634836970398,"SHAPE_Area":30631.325238797457}},{"type":"Feature","geometry":{"type":"Polygon","coordinates":[[[-74.038139,40.712456],[-74.038517,40.712498],[-74.038523,40.712433],[-74.038154,40.712389],[-74.038139,40.712456]]]},"properties":{"OBJECTID":138,"NAME":"Morris Canal Lock 22 East","TYPE":"Canal","PURPOSE":"Navigation","STATUS":"Inactive","CONDITION":"Dry","PUBLICLY_A":" ","ADDRESS":"S side of Dudley St, across Washington St. to Little Basin","MUN":"JERSEY CITY","COUNTY":"HUDSON","COMMENTS":" ","GLOBALID":"{AF4A6871-5EFB-4B51-8A91-E9BF1F8CB3D4}","SHAPE_Length":257.78198375580405,"SHAPE_Area":2533.7595804141165}},{"type":"Feature","geometry":{"type":"Polygon","coordinates":[[[-74.569962,40.887982],[-74.56997,40.888072],[-74.57001,40.888438],[-74.570206,40.888434],[-74.570194,40.888289],[-74.570174,40.887975],[-74.569962,40.887982]]]},"properties":{"OBJECTID":139,"NAME":"Morris Canal Lock 3 East","TYPE":"Canal","PURPOSE":"Navigation","STATUS":"Inactive","CONDITION":"Dry","PUBLICLY_A":" ","ADDRESS":" ","MUN":"DOVER TOWN","COUNTY":"MORRIS","COMMENTS":"Approximate location.","GLOBALID":"{BF5CF116-CAF7-4548-879D-739BE479A7B0}","SHAPE_Length":447.6110987263252,"SHAPE_Area":9440.753684954821}},{"type":"Feature","geometry":{"type":"Polygon","coordinates":[[[-74.754564,40.914332],[-74.754575,40.914391],[-74.754843,40.914349],[-74.754824,40.914295],[-74.754564,40.914332]]]},"properties":{"OBJECTID":140,"NAME":"Morris Canal Lock 3 West","TYPE":"Canal","PURPOSE":"Navigation","STATUS":"Inactive","CONDITION":"Water","PUBLICLY_A":"Yes","ADDRESS":"Waterloo Village, at S end of Tail Race.","MUN":"BYRAM TWP","COUNTY":"SUSSEX","COMMENTS":"Guard lock visible.","GLOBALID":"{2D50A149-65C5-494A-901A-83BA7A97BB21}","SHAPE_Length":190.63513419677892,"SHAPE_Area":1556.1031994688233}},{"type":"Feature","geometry":{"type":"Polygon","coordinates":[[[-74.569343,40.886333],[-74.56938,40.886392],[-74.56949,40.886587],[-74.56951,40.88663],[-74.569667,40.886595],[-74.569524,40.886305],[-74.569511,40.886287],[-74.569343,40.886333]]]},"properties":{"OBJECTID":141,"NAME":"Morris Canal Lock 4 East","TYPE":"Canal","PURPOSE":"Navigation","STATUS":"Inactive","CONDITION":"Dry","PUBLICLY_A":" ","ADDRESS":" ","MUN":"DOVER TOWN","COUNTY":"MORRIS","COMMENTS":"Estimated location.","GLOBALID":"{445E2273-2FD1-483B-8333-65769001A1C5}","SHAPE_Length":332.68024753299875,"SHAPE_Area":5564.011172006798}},{"type":"Feature","geometry":{"type":"Polygon","coordinates":[[[-74.790485,40.897051],[-74.790629,40.89713],[-74.790953,40.896788],[-74.790809,40.89671],[-74.790485,40.897051]]]},"properties":{"OBJECTID":142,"NAME":"Morris Canal Lock 4 West","TYPE":"Canal","PURPOSE":"Navigation","STATUS":"Inactive","CONDITION":"Dry","PUBLICLY_A":"Yes","ADDRESS":"Between west shore of Saxton Lake and Co. Rt. 604.","MUN":"ALLAMUCHY TWP","COUNTY":"WARREN","COMMENTS":"Saxton Falls: Guinea Hollow Guard Lock, Warren Trail along the towpath.","GLOBALID":"{893D500E-F5C7-401C-B19E-98BA2B6D3AD1}","SHAPE_Length":404.95529853773564,"SHAPE_Area":7532.67487862636}},{"type":"Feature","geometry":{"type":"Polygon","coordinates":[[[-74.562518,40.884624],[-74.562543,40.88474],[-74.563371,40.884593],[-74.563319,40.884487],[-74.562518,40.884624]]]},"properties":{"OBJECTID":143,"NAME":"Morris Canal Lock 5 East","TYPE":"Canal","PURPOSE":"Navigation","STATUS":"Inactive","CONDITION":"Dry","PUBLICLY_A":" ","ADDRESS":"Along Bassett Highway, NW of Towpath Sq.","MUN":"DOVER TOWN","COUNTY":"MORRIS","COMMENTS":" ","GLOBALID":"{6D2470BC-27BE-465E-8A9E-01024D6F382D}","SHAPE_Length":545.8623508215502,"SHAPE_Area":9641.906704061064}},{"type":"Feature","geometry":{"type":"Polygon","coordinates":[[[-74.797182,40.888299],[-74.797179,40.888309],[-74.797175,40.888319],[-74.797173,40.88833],[-74.797172,40.888342],[-74.797171,40.888365],[-74.797248,40.888356],[-74.797287,40.888352],[-74.797388,40.88834],[-74.797647,40.88831],[-74.79769,40.888305],[-74.797744,40.888299],[-74.797727,40.88818],[-74.797182,40.888299]]]},"properties":{"OBJECTID":144,"NAME":"Morris Canal Lock 5 West","TYPE":"Canal","PURPOSE":"Navigation","STATUS":"Inactive","CONDITION":"Dry","PUBLICLY_A":" ","ADDRESS":"Southern end of Saxton Lake.","MUN":"ALLAMUCHY TWP","COUNTY":"WARREN","COMMENTS":" ","GLOBALID":"{CB4BD074-C182-49C6-86A5-3A5108230118}","SHAPE_Length":385.2587369817917,"SHAPE_Area":5259.988793942295}},{"type":"Feature","geometry":{"type":"Polygon","coordinates":[[[-74.558662,40.884871],[-74.558675,40.884986],[-74.559149,40.884936],[-74.559134,40.88484],[-74.558662,40.884871]]]},"properties":{"OBJECTID":145,"NAME":"Morris Canal Lock 6 East","TYPE":"Canal","PURPOSE":"Navigation","STATUS":"Inactive","CONDITION":"Dry","PUBLICLY_A":" ","ADDRESS":"Along Bassett Highway, between Sussex St. and Warren St.","MUN":"DOVER TOWN","COUNTY":"MORRIS","COMMENTS":" ","GLOBALID":"{DFFBD25B-A144-4B83-A6C5-BF92DFC453EF}","SHAPE_Length":340.8723889472484,"SHAPE_Area":5092.107293296705}},{"type":"Feature","geometry":{"type":"Polygon","coordinates":[[[-74.955337,40.765617],[-74.955637,40.765779],[-74.955882,40.765892],[-74.955989,40.765958],[-74.956128,40.766074],[-74.956206,40.766171],[-74.956267,40.766233],[-74.956497,40.766198],[-74.956434,40.766118],[-74.956345,40.766004],[-74.956309,40.765957],[-74.956274,40.76591],[-74.956257,40.765886],[-74.95624,40.765861],[-74.955546,40.765537],[-74.955342,40.765451],[-74.955337,40.765617]]]},"properties":{"OBJECTID":146,"NAME":"Morris Canal Lock 6 West","TYPE":"Canal","PURPOSE":"Navigation","STATUS":"Inactive","CONDITION":"Water","PUBLICLY_A":" ","ADDRESS":"39 Port Colden Road.","MUN":"WASHINGTON TWP","COUNTY":"WARREN","COMMENTS":" ","GLOBALID":"{5A23FDCC-34D6-45D0-8899-5C2FD93FF329}","SHAPE_Length":903.5346910292062,"SHAPE_Area":24242.157549302054}},{"type":"Feature","geometry":{"type":"Polygon","coordinates":[[[-74.557881,40.885606],[-74.558043,40.885663],[-74.558259,40.885245],[-74.558106,40.885188],[-74.557881,40.885606]]]},"properties":{"OBJECTID":147,"NAME":"Morris Canal Lock 7 East","TYPE":"Canal","PURPOSE":"Navigation","STATUS":"Inactive","CONDITION":"Dry","PUBLICLY_A":" ","ADDRESS":"Morris Canal prism over Conrail Railroad, between Sussex St. and South Morris St.","MUN":"DOVER TOWN","COUNTY":"MORRIS","COMMENTS":" ","GLOBALID":"{770BA6B0-9276-4BC7-A850-0DDCF8D1E6A6}","SHAPE_Length":424.3059028040425,"SHAPE_Area":7899.407569559667}},{"type":"Feature","geometry":{"type":"Polygon","coordinates":[[[-75.091768,40.712101],[-75.092173,40.712234],[-75.092634,40.712404],[-75.092719,40.712311],[-75.092246,40.712127],[-75.091822,40.711994],[-75.091768,40.712101]]]},"properties":{"OBJECTID":148,"NAME":"Morris Canal Lock 7 West","TYPE":"Canal","PURPOSE":"Navigation","STATUS":"Inactive","CONDITION":"Dry","PUBLICLY_A":"Yes","ADDRESS":"S of Rt. 67, W of New Village Rd.","MUN":"FRANKLIN TWP","COUNTY":"WARREN","COMMENTS":"Bread Lock Park: The County Historic Learning Center at the site contains the remains of the prism, a former mule barn and lock tender's house sites.","GLOBALID":"{6548EF5F-08DE-4E90-B8B6-D485BFC791D5}","SHAPE_Length":621.7498762790199,"SHAPE_Area":11490.436294103023}},{"type":"Feature","geometry":{"type":"Polygon","coordinates":[[[-74.463506,40.903354],[-74.464941,40.903473],[-74.464976,40.90323],[-74.463541,40.903111],[-74.463506,40.903354]]]},"properties":{"OBJECTID":149,"NAME":"Morris Canal Lock 8 East","TYPE":"Canal","PURPOSE":"Navigation","STATUS":"Inactive","CONDITION":"Dry","PUBLICLY_A":" ","ADDRESS":"Intersection of Diamond Spring Rd and Boonton Rd.","MUN":"DENVILLE TWP","COUNTY":"MORRIS","COMMENTS":" ","GLOBALID":"{CC2E6E59-14E2-4D3E-8072-9CCB71AF9748}","SHAPE_Length":976.3695241669207,"SHAPE_Area":35596.39418287765}},{"type":"Feature","geometry":{"type":"Polygon","coordinates":[[[-75.162427,40.678909],[-75.16241,40.678943],[-75.162393,40.678977],[-75.162377,40.679011],[-75.162257,40.679286],[-75.16242,40.679332],[-75.162465,40.67923],[-75.162599,40.678926],[-75.162446,40.678875],[-75.162427,40.678909]]]},"properties":{"OBJECTID":150,"NAME":"Morris Canal Lock 8 West","TYPE":"Canal","PURPOSE":"Navigation","STATUS":"Inactive","CONDITION":"Dry","PUBLICLY_A":" ","ADDRESS":"On Lock Street, NE of Chestnut Street.","MUN":"PHILLIPSBURG TOWN","COUNTY":"WARREN","COMMENTS":" ","GLOBALID":"{4D6B5BF0-4F75-4BFC-8049-CBEAA6F901C5}","SHAPE_Length":409.2610830056634,"SHAPE_Area":7571.708619379764}},{"type":"Feature","geometry":{"type":"Polygon","coordinates":[[[-74.427757,40.918753],[-74.428126,40.918894],[-74.428217,40.918739],[-74.427838,40.918597],[-74.427757,40.918753]]]},"properties":{"OBJECTID":151,"NAME":"Morris Canal Lock 9 East","TYPE":"Canal","PURPOSE":"Navigation","STATUS":"Inactive","CONDITION":"Dry","PUBLICLY_A":" ","ADDRESS":"NW of intersection of Old Denville Rd. and Powerville Rd.","MUN":"BOONTON TWP","COUNTY":"MORRIS","COMMENTS":" ","GLOBALID":"{9CAA9688-FE0D-49E4-9016-72697E4B2019}","SHAPE_Length":353.8053180655946,"SHAPE_Area":7072.734603274339}},{"type":"Feature","geometry":{"type":"Polygon","coordinates":[[[-75.165367,40.67744],[-75.165383,40.677534],[-75.165924,40.677482],[-75.165911,40.677388],[-75.165367,40.67744]]]},"properties":{"OBJECTID":152,"NAME":"Morris Canal Lock 9 West site","TYPE":"Canal","PURPOSE":"Navigation","STATUS":"Inactive","CONDITION":"Dry","PUBLICLY_A":" ","ADDRESS":"122 Lock St.","MUN":"POHATCONG TWP","COUNTY":"WARREN","COMMENTS":" ","GLOBALID":"{CAA150EE-C7D2-432D-9A23-39AAC9310013}","SHAPE_Length":372.6367920189383,"SHAPE_Area":5256.576006478838}},{"type":"Feature","geometry":{"type":"Polygon","coordinates":[[[-74.663173,40.917766],[-74.663335,40.917856],[-74.664292,40.917409],[-74.664162,40.917257],[-74.663173,40.917766]]]},"properties":{"OBJECTID":153,"NAME":"Morris Canal Outlet Lock","TYPE":"Canal","PURPOSE":"Navigation","STATUS":"Inactive","CONDITION":"Dry","PUBLICLY_A":"Yes","ADDRESS":"Morris Canal prism outlet into Lake Hopatcong.","MUN":"ROXBURY TWP","COUNTY":"MORRIS","COMMENTS":"Also known as Brooklyn outlet lock, on the Northwest side of Hopatcong State Park is a preserved Scotch turbine.","GLOBALID":"{951879BA-1798-4FB9-99A7-77537D5CEC1E}","SHAPE_Length":762.5313834978258,"SHAPE_Area":18872.01953006113}},{"type":"Feature","geometry":{"type":"Polygon","coordinates":[[[-74.184554,40.750732],[-74.184847,40.750885],[-74.185739,40.750179],[-74.18547,40.750066],[-74.184554,40.750732]]]},"properties":{"OBJECTID":154,"NAME":"Morris Canal Plane","TYPE":"Canal","PURPOSE":"Navigation","STATUS":"Inactive","CONDITION":"Dry","PUBLICLY_A":" ","ADDRESS":"Newark Subway, between Sussex Ave. and Orange St.","MUN":"NEWARK CITY","COUNTY":"ESSEX","COMMENTS":" ","GLOBALID":"{A51BF774-A732-4CFC-862F-65576DA60D9F}","SHAPE_Length":891.5981523708866,"SHAPE_Area":31650.07294534322}},{"type":"Feature","geometry":{"type":"Polygon","coordinates":[[[-74.662162,40.899671],[-74.662553,40.899756],[-74.663647,40.896842],[-74.663329,40.896691],[-74.662162,40.899671]]]},"properties":{"OBJECTID":155,"NAME":"Morris Canal Plane 1 East","TYPE":"Canal","PURPOSE":"Navigation","STATUS":"Inactive","CONDITION":"Dry","PUBLICLY_A":" ","ADDRESS":"E of Shippenport Rd.","MUN":"ROXBURY TWP","COUNTY":"MORRIS","COMMENTS":" ","GLOBALID":"{01369F5D-5103-4BA3-8AB3-054E99DD8A4F}","SHAPE_Length":2452.312208298555,"SHAPE_Area":118511.36575387542}},{"type":"Feature","geometry":{"type":"Polygon","coordinates":[[[-74.685758,40.903717],[-74.688473,40.904117],[-74.688534,40.903871],[-74.685797,40.903482],[-74.685758,40.903717]]]},"properties":{"OBJECTID":156,"NAME":"Morris Canal Plane 1 West","TYPE":"Canal","PURPOSE":"Navigation","STATUS":"Inactive","CONDITION":"Dry","PUBLICLY_A":" ","ADDRESS":"NW of SW bend in Center St.","MUN":"ROXBURY TWP","COUNTY":"MORRIS","COMMENTS":" ","GLOBALID":"{958AE631-DF39-4400-8FDF-4E35AB4CAFD4}","SHAPE_Length":1712.1175450329288,"SHAPE_Area":68120.02720395837}},{"type":"Feature","geometry":{"type":"Polygon","coordinates":[[[-74.321324,40.927534],[-74.321419,40.927707],[-74.322961,40.927223],[-74.322873,40.927043],[-74.321324,40.927534]]]},"properties":{"OBJECTID":157,"NAME":"Morris Canal Plane 10 East","TYPE":"Canal","PURPOSE":"Navigation","STATUS":"Inactive","CONDITION":"Dry","PUBLICLY_A":" ","ADDRESS":" ","MUN":"MONTVILLE TWP","COUNTY":"MORRIS","COMMENTS":" ","GLOBALID":"{DF317EC2-21C6-4CB3-8FB4-856BD417BD47}","SHAPE_Length":1062.9131125965823,"SHAPE_Area":31955.069092748854}},{"type":"Feature","geometry":{"type":"Polygon","coordinates":[[[-75.162057,40.683506],[-75.161988,40.683642],[-75.161592,40.684419],[-75.161562,40.684464],[-75.161378,40.684709],[-75.161173,40.684983],[-75.160761,40.685533],[-75.161187,40.685727],[-75.161219,40.685686],[-75.161251,40.685645],[-75.161285,40.685605],[-75.16132,40.685565],[-75.161355,40.685526],[-75.161392,40.685487],[-75.16143,40.685449],[-75.161469,40.685412],[-75.161509,40.685375],[-75.16155,40.685339],[-75.161593,40.685303],[-75.161635,40.685268],[-75.161679,40.685234],[-75.161755,40.685177],[-75.161843,40.685112],[-75.161931,40.685046],[-75.162021,40.684982],[-75.16211,40.684918],[-75.162152,40.684888],[-75.162187,40.684863],[-75.162221,40.684837],[-75.162254,40.684811],[-75.162286,40.684783],[-75.162317,40.684755],[-75.162347,40.684727],[-75.162376,40.684697],[-75.162382,40.684692],[-75.162369,40.684636],[-75.162369,40.684635],[-75.162339,40.684559],[-75.162337,40.684544],[-75.162335,40.68453],[-75.162336,40.684495],[-75.162334,40.684478],[-75.162329,40.684462],[-75.162324,40.684457],[-75.162317,40.684449],[-75.162313,40.68444],[-75.162308,40.68442],[-75.162299,40.684386],[-75.162251,40.684217],[-75.162218,40.684102],[-75.162215,40.684059],[-75.162212,40.683994],[-75.162215,40.683941],[-75.162229,40.683798],[-75.162241,40.683735],[-75.162261,40.683667],[-75.162403,40.683358],[-75.16243,40.683284],[-75.162444,40.683227],[-75.162471,40.683106],[-75.162483,40.683071],[-75.162498,40.683039],[-75.162516,40.683006],[-75.162524,40.682992],[-75.162326,40.682978],[-75.162057,40.683506]]]},"properties":{"OBJECTID":158,"NAME":"Morris Canal Plane 10 West","TYPE":"Canal","PURPOSE":"Navigation","STATUS":"Inactive","CONDITION":"Dry","PUBLICLY_A":" ","ADDRESS":"Approx: NW boundary at Lock St., SW boundary at Lopatcong Creek.","MUN":"LOPATCONG TWP","COUNTY":"WARREN","COMMENTS":" ","GLOBALID":"{1436F85F-FA99-42D8-99BD-779240EF89F9}","SHAPE_Length":2364.3279382001306,"SHAPE_Area":147447.75727429573}},{"type":"Feature","geometry":{"type":"Polygon","coordinates":[[[-74.189151,40.809303],[-74.189328,40.809418],[-74.191273,40.807667],[-74.191118,40.807542],[-74.189151,40.809303]]]},"properties":{"OBJECTID":159,"NAME":"Morris Canal Plane 11 East","TYPE":"Canal","PURPOSE":"Navigation","STATUS":"Inactive","CONDITION":"Dry","PUBLICLY_A":" ","ADDRESS":"JFK Dr., approx. between Baldwin St. and Seely Ter.","MUN":"BLOOMFIELD TWP","COUNTY":"ESSEX","COMMENTS":" ","GLOBALID":"{BAABE832-EA93-4451-9135-5F25FC936DBE}","SHAPE_Length":1803.0455898396187,"SHAPE_Area":52986.338921391995}},{"type":"Feature","geometry":{"type":"Polygon","coordinates":[[[-75.199714,40.687004],[-75.201025,40.68795],[-75.201288,40.68814],[-75.201319,40.688162],[-75.20157,40.687973],[-75.201409,40.68785],[-75.200162,40.686893],[-75.200029,40.68679],[-75.200004,40.686771],[-75.199714,40.687004]]]},"properties":{"OBJECTID":160,"NAME":"Morris Canal Plane 11 West","TYPE":"Canal","PURPOSE":"Navigation","STATUS":"Inactive","CONDITION":"Dry","PUBLICLY_A":" ","ADDRESS":" ","MUN":"PHILLIPSBURG TOWN","COUNTY":"WARREN","COMMENTS":" ","GLOBALID":"{2027884A-FD8A-47E5-AB99-C44246F81ADD}","SHAPE_Length":1444.8716405230011,"SHAPE_Area":66006.11660906376}},{"type":"Feature","geometry":{"type":"Polygon","coordinates":[[[-74.175462,40.738859],[-74.177902,40.739601],[-74.178005,40.739409],[-74.175575,40.73865],[-74.175462,40.738859]]]},"properties":{"OBJECTID":161,"NAME":"Morris Canal Plane 12 East","TYPE":"Canal","PURPOSE":"Navigation","STATUS":"Inactive","CONDITION":"Dry","PUBLICLY_A":" ","ADDRESS":"Approx: foot at Plane St./University Ave., summit at High St/Dr. Martin Luther King Blvd.","MUN":"NEWARK CITY","COUNTY":"ESSEX","COMMENTS":" ","GLOBALID":"{B1EBCC59-5949-493B-B7DC-5101F938ED72}","SHAPE_Length":1613.4388747931616,"SHAPE_Area":57323.837971770765}},{"type":"Feature","geometry":{"type":"Polygon","coordinates":[[[-74.658179,40.882197],[-74.659177,40.884631],[-74.659484,40.88504],[-74.659991,40.885317],[-74.660286,40.885141],[-74.660057,40.884936],[-74.658572,40.882113],[-74.658179,40.882197]]]},"properties":{"OBJECTID":162,"NAME":"Morris Canal Plane 2 East","TYPE":"Canal","PURPOSE":"Navigation","STATUS":"Inactive","CONDITION":"Dry","PUBLICLY_A":"Yes","ADDRESS":"Parallel to NW bend in Main St., approx. 350 ft. W","MUN":"ROXBURY TWP","COUNTY":"MORRIS","COMMENTS":"Incline plane is accessible in Morris Canal Park.","GLOBALID":"{E6CFBFD4-C096-43D5-A2E8-9EF314A97EF7}","SHAPE_Length":2695.0105528108566,"SHAPE_Area":183807.35157029147}},{"type":"Feature","geometry":{"type":"Polygon","coordinates":[[[-74.709217,40.902462],[-74.711452,40.903607],[-74.712412,40.904184],[-74.71252,40.904074],[-74.711398,40.903439],[-74.709343,40.90238],[-74.709217,40.902462]]]},"properties":{"OBJECTID":163,"NAME":"Morris Canal Plane 2 West","TYPE":"Canal","PURPOSE":"Navigation","STATUS":"Inactive","CONDITION":"Dry","PUBLICLY_A":" ","ADDRESS":"SW end of Plane St.","MUN":"STANHOPE BORO","COUNTY":"SUSSEX","COMMENTS":" ","GLOBALID":"{987D7D64-60F6-488F-B525-AAD02B5615BB}","SHAPE_Length":2253.893599645961,"SHAPE_Area":47204.22445316226}},{"type":"Feature","geometry":{"type":"Polygon","coordinates":[[[-74.653883,40.878848],[-74.655997,40.880384],[-74.656341,40.88016],[-74.654179,40.878579],[-74.653883,40.878848]]]},"properties":{"OBJECTID":164,"NAME":"Morris Canal Plane 3 East","TYPE":"Canal","PURPOSE":"Navigation","STATUS":"Inactive","CONDITION":"Dry","PUBLICLY_A":" ","ADDRESS":"Between Canal St, Mountain Rd, and Main St.","MUN":"ROXBURY TWP","COUNTY":"MORRIS","COMMENTS":" ","GLOBALID":"{A0E8E646-9E26-4936-A2B2-D9FFB678F674}","SHAPE_Length":1891.991486460586,"SHAPE_Area":103308.2575179317}},{"type":"Feature","geometry":{"type":"Polygon","coordinates":[[[-74.738211,40.910463],[-74.73886,40.911235],[-74.739267,40.912018],[-74.739658,40.911961],[-74.739193,40.911045],[-74.738602,40.910351],[-74.738211,40.910463]]]},"properties":{"OBJECTID":165,"NAME":"Morris Canal Plane 3 West","TYPE":"Canal","PURPOSE":"Navigation","STATUS":"Inactive","CONDITION":"Dry","PUBLICLY_A":" ","ADDRESS":"SW of Interstate 80, directly N of Conrail RR.","MUN":"MOUNT OLIVE TWP","COUNTY":"MORRIS","COMMENTS":" ","GLOBALID":"{5DCE7398-3635-41EC-A967-36819956221B}","SHAPE_Length":1523.7794973723292,"SHAPE_Area":72456.42129061441}},{"type":"Feature","geometry":{"type":"Polygon","coordinates":[[[-74.599421,40.900598],[-74.602941,40.901366],[-74.603069,40.90109],[-74.59952,40.900331],[-74.599421,40.900598]]]},"properties":{"OBJECTID":166,"NAME":"Morris Canal Plane 4 East","TYPE":"Canal","PURPOSE":"Navigation","STATUS":"Inactive","CONDITION":"Dry","PUBLICLY_A":" ","ADDRESS":" ","MUN":"ROXBURY TWP","COUNTY":"MORRIS","COMMENTS":" ","GLOBALID":"{B6C7EB59-BB67-4ACF-855A-682681B50427}","SHAPE_Length":2239.3822977591426,"SHAPE_Area":105362.37258800975}},{"type":"Feature","geometry":{"type":"Polygon","coordinates":[[[-74.750812,40.913247],[-74.753723,40.91428],[-74.753785,40.914179],[-74.750878,40.913135],[-74.750812,40.913247]]]},"properties":{"OBJECTID":167,"NAME":"Morris Canal Plane 4 West","TYPE":"Canal","PURPOSE":"Navigation","STATUS":"Inactive","CONDITION":"Dry","PUBLICLY_A":"Yes","ADDRESS":"SE of Waterloo Village, N of Interstate 80.","MUN":"MOUNT OLIVE TWP","COUNTY":"MORRIS","COMMENTS":"Remains of incline plane are visible.","GLOBALID":"{7D02B009-6C98-4D5D-A014-E74EB77866CA}","SHAPE_Length":1862.0794879923958,"SHAPE_Area":37895.828939264946}},{"type":"Feature","geometry":{"type":"Polygon","coordinates":[[[-74.569784,40.895024],[-74.571436,40.8961],[-74.571645,40.895881],[-74.57007,40.894787],[-74.569784,40.895024]]]},"properties":{"OBJECTID":168,"NAME":"Morris Canal Plane 5 East","TYPE":"Canal","PURPOSE":"Navigation","STATUS":"Inactive","CONDITION":"Dry","PUBLICLY_A":" ","ADDRESS":" ","MUN":"WHARTON BORO","COUNTY":"MORRIS","COMMENTS":" ","GLOBALID":"{0D2B1DD7-F61C-4A1D-BF52-DEBB39B9E2DB}","SHAPE_Length":1407.605374210967,"SHAPE_Area":64093.29530023152}},{"type":"Feature","geometry":{"type":"Polygon","coordinates":[[[-74.919623,40.782515],[-74.919085,40.783013],[-74.918924,40.783162],[-74.919029,40.783607],[-74.924093,40.782916],[-74.924445,40.782292],[-74.924712,40.78182],[-74.919623,40.782515]]]},"properties":{"OBJECTID":169,"NAME":"Morris Canal Plane 5 West","TYPE":"Canal","PURPOSE":"Navigation","STATUS":"Inactive","CONDITION":"Dry","PUBLICLY_A":" ","ADDRESS":"0.5 mile SW of Main Street, Port Murray in clay quarry.","MUN":"MANSFIELD TWP","COUNTY":"WARREN","COMMENTS":" ","GLOBALID":"{F28024FA-AC84-491F-AC05-9B19E4F25D97}","SHAPE_Length":3760.852932537581,"SHAPE_Area":537054.6026641893}},{"type":"Feature","geometry":{"type":"Polygon","coordinates":[[[-74.509305,40.903537],[-74.509433,40.903798],[-74.511453,40.903082],[-74.511284,40.902836],[-74.509305,40.903537]]]},"properties":{"OBJECTID":170,"NAME":"Morris Canal Plane 6 East","TYPE":"Canal","PURPOSE":"Navigation","STATUS":"Inactive","CONDITION":"Dry","PUBLICLY_A":" ","ADDRESS":"Approx. 100 ft N of Maple Ave., terminating to the E at Hasley Ave.","MUN":"ROCKAWAY BORO","COUNTY":"MORRIS","COMMENTS":" ","GLOBALID":"{BFB99253-FAD6-4A59-A316-571AEB4FCE32}","SHAPE_Length":1422.73738255238,"SHAPE_Area":61589.94920577135}},{"type":"Feature","geometry":{"type":"Polygon","coordinates":[[[-74.410978,40.904492],[-74.413195,40.905671],[-74.413411,40.905432],[-74.411138,40.904284],[-74.410978,40.904492]]]},"properties":{"OBJECTID":171,"NAME":"Morris Canal Plane 7 East","TYPE":"Canal","PURPOSE":"Navigation","STATUS":"Inactive","CONDITION":"Dry","PUBLICLY_A":" ","ADDRESS":"Approx. 150 ft. S of Rt. 511, between Cornelia and School Streets","MUN":"BOONTON TOWN","COUNTY":"MORRIS","COMMENTS":" ","GLOBALID":"{BA986463-4A41-47A4-BF74-AAE856CDFB09}","SHAPE_Length":1696.1349042677507,"SHAPE_Area":72506.66549935083}},{"type":"Feature","geometry":{"type":"Polygon","coordinates":[[[-74.993664,40.768965],[-74.993673,40.768969],[-74.993675,40.76897],[-74.993977,40.769099],[-74.994198,40.769203],[-74.994352,40.769286],[-74.994606,40.769426],[-74.994607,40.769427],[-74.99492,40.769597],[-74.995311,40.769822],[-74.995591,40.769986],[-74.995594,40.769988],[-74.995596,40.769989],[-74.996542,40.770529],[-74.996546,40.770531],[-74.997051,40.770814],[-74.99707,40.770823],[-74.997072,40.770824],[-74.997274,40.770925],[-74.997297,40.770935],[-74.997305,40.770939],[-74.997309,40.77094],[-74.997806,40.770365],[-74.997752,40.770342],[-74.997576,40.770255],[-74.997082,40.769979],[-74.996141,40.769442],[-74.995861,40.769278],[-74.995858,40.769276],[-74.995857,40.769276],[-74.99546,40.769048],[-74.995451,40.769043],[-74.995135,40.76887],[-74.994879,40.768729],[-74.994875,40.768727],[-74.994709,40.768637],[-74.994697,40.768631],[-74.994685,40.768626],[-74.994444,40.768512],[-74.99443,40.768505],[-74.994427,40.768505],[-74.994129,40.768377],[-74.993664,40.768965]]]},"properties":{"OBJECTID":172,"NAME":"Morris Canal Plane 7 West","TYPE":"Canal","PURPOSE":"Navigation","STATUS":"Inactive","CONDITION":"Dry","PUBLICLY_A":" ","ADDRESS":"Centered on Plane Hill Road, extending NW to SE for 1,200ft","MUN":"WASHINGTON TWP","COUNTY":"WARREN","COMMENTS":" ","GLOBALID":"{28EC683B-DFB8-460A-9003-61AC7F507151}","SHAPE_Length":2992.8735861421883,"SHAPE_Area":311485.4395287374}},{"type":"Feature","geometry":{"type":"Polygon","coordinates":[[[-74.382421,40.913182],[-74.382723,40.913336],[-74.384306,40.911686],[-74.383994,40.911544],[-74.382421,40.913182]]]},"properties":{"OBJECTID":173,"NAME":"Morris Canal Plane 8 East","TYPE":"Canal","PURPOSE":"Navigation","STATUS":"Inactive","CONDITION":"Water","PUBLICLY_A":" ","ADDRESS":" ","MUN":"MONTVILLE TWP","COUNTY":"MORRIS","COMMENTS":" ","GLOBALID":"{2A6DCAE8-E789-4626-9AC8-63F079C2B906}","SHAPE_Length":1682.56170306212,"SHAPE_Area":74314.97724398274}},{"type":"Feature","geometry":{"type":"Polygon","coordinates":[[[-75.114386,40.702383],[-75.114235,40.702532],[-75.112741,40.704014],[-75.11205,40.704611],[-75.111672,40.704979],[-75.111559,40.705093],[-75.111721,40.705236],[-75.111942,40.705063],[-75.112327,40.70476],[-75.11292,40.70427],[-75.113905,40.703434],[-75.115085,40.702142],[-75.115239,40.701972],[-75.114939,40.701835],[-75.114386,40.702383]]]},"properties":{"OBJECTID":174,"NAME":"Morris Canal Plane 8 West","TYPE":"Canal","PURPOSE":"Navigation","STATUS":"Inactive","CONDITION":"Dry","PUBLICLY_A":" ","ADDRESS":"Mostly on south side of Rt. 57, opposite Low's Hollow Rd.","MUN":"GREENWICH TWP","COUNTY":"WARREN","COMMENTS":" ","GLOBALID":"{EA0372AE-DC1E-4350-9594-9010E988089A}","SHAPE_Length":3220.4023308336814,"SHAPE_Area":159950.27165078346}},{"type":"Feature","geometry":{"type":"Polygon","coordinates":[[[-74.379829,40.915056],[-74.379199,40.915541],[-74.379309,40.915635],[-74.379915,40.915177],[-74.38091,40.914533],[-74.380802,40.914459],[-74.379829,40.915056]]]},"properties":{"OBJECTID":175,"NAME":"Morris Canal Plane 9 East","TYPE":"Canal","PURPOSE":"Navigation","STATUS":"Inactive","CONDITION":"Dry","PUBLICLY_A":" ","ADDRESS":"Block 51, Lots 31 & 36.","MUN":"MONTVILLE TWP","COUNTY":"MORRIS","COMMENTS":" ","GLOBALID":"{6E5691BB-4D2F-4549-B5E6-45B2BAC24088}","SHAPE_Length":1277.8737594184302,"SHAPE_Area":26980.689751316193}},{"type":"Feature","geometry":{"type":"Polygon","coordinates":[[[-75.134393,40.695026],[-75.136038,40.694997],[-75.136554,40.695005],[-75.137764,40.694965],[-75.139255,40.694946],[-75.139978,40.69493],[-75.140189,40.694926],[-75.140427,40.694925],[-75.140452,40.694632],[-75.13653,40.694679],[-75.135942,40.694663],[-75.134749,40.694634],[-75.134254,40.694623],[-75.134305,40.69498],[-75.134393,40.695026]]]},"properties":{"OBJECTID":176,"NAME":"Morris Canal Plane 9 West","TYPE":"Canal","PURPOSE":"Navigation","STATUS":"Inactive","CONDITION":"Dry","PUBLICLY_A":"Yes","ADDRESS":"On the Greenwich Twp.-Lopatcong Twp. border; bridge site is just east of Co. Rt. 519.","MUN":"LOPATCONG TWP","COUNTY":"WARREN","COMMENTS":"One of the sites most often visited along the Morris Canal is plane #9. Now a county park.","GLOBALID":"{5215E171-7C68-4E2C-B32E-F4F1EC59B62F}","SHAPE_Length":3660.223187069667,"SHAPE_Area":200970.54658454677}},{"type":"Feature","geometry":{"type":"Polygon","coordinates":[[[-74.27098,40.914649],[-74.270561,40.914743],[-74.270645,40.914851],[-74.27116,40.914767],[-74.271168,40.914616],[-74.27098,40.914649]]]},"properties":{"OBJECTID":177,"NAME":"Morris Canal Pompton River Aqueduct","TYPE":"Canal","PURPOSE":"Navigation","STATUS":"Inactive","CONDITION":"Water","PUBLICLY_A":" ","ADDRESS":"Between Mountain View and Lincoln Park.","MUN":"WAYNE TWP","COUNTY":"PASSAIC","COMMENTS":"Formerly the Pompton River aqueduct.  236 feet long, 9 stone piers.","GLOBALID":"{7D14D2CF-E14E-44AF-999A-952B17DDEB24}","SHAPE_Length":420.3269404016484,"SHAPE_Area":7903.168878244921}},{"type":"Feature","geometry":{"type":"Polygon","coordinates":[[[-75.19575,40.685388],[-75.197186,40.685889],[-75.199028,40.685358],[-75.198293,40.684596],[-75.19575,40.685388]]]},"properties":{"OBJECTID":178,"NAME":"Morris Canal Port","TYPE":"Canal","PURPOSE":"Navigation","STATUS":"Inactive","CONDITION":"Dry","PUBLICLY_A":" ","ADDRESS":"SW of SW end of Reese Court.","MUN":"PHILLIPSBURG TOWN","COUNTY":"WARREN","COMMENTS":"Delaware Terminal.","GLOBALID":"{9EE3AB93-F10D-4C58-83D0-259DF8F00BAC}","SHAPE_Length":2090.383119772499,"SHAPE_Area":212336.8286299846}},{"type":"Feature","geometry":{"type":"Polygon","coordinates":[[[-75.192656,40.681609],[-75.194135,40.682222],[-75.196779,40.684038],[-75.197393,40.683671],[-75.196559,40.682914],[-75.195817,40.682377],[-75.195509,40.682154],[-75.194759,40.681839],[-75.194334,40.681698],[-75.193904,40.681624],[-75.193096,40.681472],[-75.192698,40.681416],[-75.192656,40.681609]]]},"properties":{"OBJECTID":179,"NAME":"Morris Canal Port","TYPE":"Canal","PURPOSE":"Navigation","STATUS":"Inactive","CONDITION":"Dry","PUBLICLY_A":"Yes","ADDRESS":"SW of Stockton & Howard Streets.","MUN":"PHILLIPSBURG TOWN","COUNTY":"WARREN","COMMENTS":"Delaware boat basin now Delaware River Park.","GLOBALID":"{C79246A1-705B-48DB-9D0A-8B21C6129934}","SHAPE_Length":3335.4601685405096,"SHAPE_Area":325043.0838432387}}]}